539564,PAM_368135_2,TGGGTTGTCTTTTTGGAGGTGGG,PAM_368135,2L,9817745,9817768,TGCGTTGTCTTTTTGGTGGTTGG,TGCGTTGTCTTTTTGGTGGT,GG,TGGGTTGTCTTTTTGGAGGT,0.2666666665,2,9817756.5,440,2,9922949.480582688
539565,PAM_368135_2,TGGGTTGTCTTTTTGGAGGTGGG,PAM_368135,2L,9817745,9817768,TGCGTTGTCTTTTTGGTGGTTGG,TGCGTTGTCTTTTTGGTGGT,GG,TGGGTTGTCTTTTTGGAGGT,0.2666666665,2,9817756.5,441,2,9900229.614456655
539566,PAM_368135_3,TGGGTTGTCTTTTTGGAGGTGGG,PAM_368135,2L,9818345,9818368,TGCGTTGTCTTTTTGGTGGTTGG,TGCGTTGTCTTTTTGGTGGT,GG,TGGGTTGTCTTTTTGGAGGT,0.2666666665,2,9818356.5,440,2,9923549.117114777
539567,PAM_368135_3,TGGGTTGTCTTTTTGGAGGTGGG,PAM_368135,2L,9818345,9818368,TGCGTTGTCTTTTTGGTGGTTGG,TGCGTTGTCTTTTTGGTGGT,GG,TGGGTTGTCTTTTTGGAGGT,0.2666666665,2,9818356.5,441,2,9900827.86249233
2867445,PAM_2019411_1,CTTAGTTGTTGTCTTCTTGGTGG,PAM_2019411,2L,9816076,9816099,CTTAGTTGTTGTCTTCTTGGTGG,CTTAGTTGTTGTCTTCTTGG,GG,CTTAGTTGTTGTCTTCTTGG,1.0,0,9816087.5,440,2,10029469.255314304
2867446,PAM_2019411_1,CTTAGTTGTTGTCTTCTTGGTGG,PAM_2019411,2L,9816076,9816099,CTTAGTTGTTGTCTTCTTGGTGG,CTTAGTTGTTGTCTTCTTGG,GG,CTTAGTTGTTGTCTTCTTGG,1.0,0,9816087.5,441,2,10006753.251522457
2867447,PAM_2019411_2,CTTAGTTGTTGTCTTCTTGGTGG,PAM_2019411,2L,9816916,9816939,CTTAGTTGTTGTCTTCTTGGTGG,CTTAGTTGTTGTCTTCTTGG,GG,CTTAGTTGTTGTCTTCTTGG,1.0,0,9816927.5,440,2,10030308.746459227
2867448,PAM_2019411_2,CTTAGTTGTTGTCTTCTTGGTGG,PAM_2019411,2L,9816916,9816939,CTTAGTTGTTGTCTTCTTGGTGG,CTTAGTTGTTGTCTTCTTGG,GG,CTTAGTTGTTGTCTTCTTGG,1.0,0,9816927.5,441,2,10007590.798772404
2867449,PAM_2019411_3,CTTAGTTGTTGTCTTCTTGGTGG,PAM_2019411,2L,9816286,9816309,CTTAGTTGTTGTCTTCTTGGTGG,CTTAGTTGTTGTCTTCTTGG,GG,CTTAGTTGTTGTCTTCTTGG,1.0,0,9816297.5,440,2,10029679.128100535
2867450,PAM_2019411_3,CTTAGTTGTTGTCTTCTTGGTGG,PAM_2019411,2L,9816286,9816309,CTTAGTTGTTGTCTTCTTGGTGG,CTTAGTTGTTGTCTTCTTGG,GG,CTTAGTTGTTGTCTTCTTGG,1.0,0,9816297.5,441,2,10006962.638334943
2867451,PAM_2019411_4,CTTAGTTGTTGTCTTCTTGGTGG,PAM_2019411,2L,9816496,9816519,CTTAGTTGTTGTCTTCTTGGTGG,CTTAGTTGTTGTCTTCTTGG,GG,CTTAGTTGTTGTCTTCTTGG,1.0,0,9816507.5,440,2,10029889.000886766
2867452,PAM_2019411_4,CTTAGTTGTTGTCTTCTTGGTGG,PAM_2019411,2L,9816496,9816519,CTTAGTTGTTGTCTTCTTGGTGG,CTTAGTTGTTGTCTTCTTGG,GG,CTTAGTTGTTGTCTTCTTGG,1.0,0,9816507.5,441,2,10007172.02514743
2867453,PAM_2019411_5,CTTAGTTGTTGTCTTCTTGGTGG,PAM_2019411,2L,9817126,9817149,CTTAGTTGTTGTCTTCTTGGTGG,CTTAGTTGTTGTCTTCTTGG,GG,CTTAGTTGTTGTCTTCTTGG,1.0,0,9817137.5,440,2,10030518.619245458
2867454,PAM_2019411_5,CTTAGTTGTTGTCTTCTTGGTGG,PAM_2019411,2L,9817126,9817149,CTTAGTTGTTGTCTTCTTGGTGG,CTTAGTTGTTGTCTTCTTGG,GG,CTTAGTTGTTGTCTTCTTGG,1.0,0,9817137.5,441,2,10007800.18558489
2867455,PAM_2019411_6,CTTAGTTGTTGTCTTCTTGGTGG,PAM_2019411,2L,9817336,9817359,CTTAGTTGTTGTCTTCTTGGTGG,CTTAGTTGTTGTCTTCTTGG,GG,CTTAGTTGTTGTCTTCTTGG,1.0,0,9817347.5,440,2,10030728.49203169
2867456,PAM_2019411_6,CTTAGTTGTTGTCTTCTTGGTGG,PAM_2019411,2L,9817336,9817359,CTTAGTTGTTGTCTTCTTGGTGG,CTTAGTTGTTGTCTTCTTGG,GG,CTTAGTTGTTGTCTTCTTGG,1.0,0,9817347.5,441,2,10008009.572397377
2867457,PAM_2019411_7,CTTAGTTGTTGTCTTCTTGGTGG,PAM_2019411,2L,9816706,9816729,CTTAGTTGTTGTCTTCTTGGTGG,CTTAGTTGTTGTCTTCTTGG,GG,CTTAGTTGTTGTCTTCTTGG,1.0,0,9816717.5,440,2,10030098.873672996
2867458,PAM_2019411_7,CTTAGTTGTTGTCTTCTTGGTGG,PAM_2019411,2L,9816706,9816729,CTTAGTTGTTGTCTTCTTGGTGG,CTTAGTTGTTGTCTTCTTGG,GG,CTTAGTTGTTGTCTTCTTGG,1.0,0,9816717.5,441,2,10007381.411959916
2867459,PAM_2019411_8,CTTAGTTGTTGTCTTCTTGGTGG,PAM_2019411,2L,9817546,9817569,CTTAGTTGTTGTCTTATTGGTGG,CTTAGTTGTTGTCTTATTGG,GG,CTTAGTTGTTGTCTTCTTGG,0.0,1,9817557.5,440,2,10030938.364817921
2867460,PAM_2019411_8,CTTAGTTGTTGTCTTCTTGGTGG,PAM_2019411,2L,9817546,9817569,CTTAGTTGTTGTCTTATTGGTGG,CTTAGTTGTTGTCTTATTGG,GG,CTTAGTTGTTGTCTTCTTGG,0.0,1,9817557.5,441,2,10008218.959209865
2867461,PAM_2019411_9,CTTAGTTGTTGTCTTCTTGGTGG,PAM_2019411,2L,9818146,9818169,CTTAGTTGTTGTCTTATTGGTGG,CTTAGTTGTTGTCTTATTGG,GG,CTTAGTTGTTGTCTTCTTGG,0.0,1,9818157.5,440,2,10031538.001350008
2867462,PAM_2019411_9,CTTAGTTGTTGTCTTCTTGGTGG,PAM_2019411,2L,9818146,9818169,CTTAGTTGTTGTCTTATTGGTGG,CTTAGTTGTTGTCTTATTGG,GG,CTTAGTTGTTGTCTTCTTGG,0.0,1,9818157.5,441,2,10008817.20724554
2867668,PAM_2019425_1,CTTAGTTGTTGTCTTCTTGGTGG,PAM_2019425,2L,9816496,9816519,CTTAGTTGTTGTCTTCTTGGTGG,CTTAGTTGTTGTCTTCTTGG,GG,CTTAGTTGTTGTCTTCTTGG,1.0,0,9816507.5,440,2,9989558.67929302
2867669,PAM_2019425_1,CTTAGTTGTTGTCTTCTTGGTGG,PAM_2019425,2L,9816496,9816519,CTTAGTTGTTGTCTTCTTGGTGG,CTTAGTTGTTGTCTTCTTGG,GG,CTTAGTTGTTGTCTTCTTGG,1.0,0,9816507.5,441,2,9966841.703553684
2867670,PAM_2019425_2,CTTAGTTGTTGTCTTCTTGGTGG,PAM_2019425,2L,9817126,9817149,CTTAGTTGTTGTCTTCTTGGTGG,CTTAGTTGTTGTCTTCTTGG,GG,CTTAGTTGTTGTCTTCTTGG,1.0,0,9817137.5,440,2,9990188.297651712
2867671,PAM_2019425_2,CTTAGTTGTTGTCTTCTTGGTGG,PAM_2019425,2L,9817126,9817149,CTTAGTTGTTGTCTTCTTGGTGG,CTTAGTTGTTGTCTTCTTGG,GG,CTTAGTTGTTGTCTTCTTGG,1.0,0,9817137.5,441,2,9967469.863991143
2867672,PAM_2019425_3,CTTAGTTGTTGTCTTCTTGGTGG,PAM_2019425,2L,9817336,9817359,CTTAGTTGTTGTCTTCTTGGTGG,CTTAGTTGTTGTCTTCTTGG,GG,CTTAGTTGTTGTCTTCTTGG,1.0,0,9817347.5,440,2,9990398.170437943
2867673,PAM_2019425_3,CTTAGTTGTTGTCTTCTTGGTGG,PAM_2019425,2L,9817336,9817359,CTTAGTTGTTGTCTTCTTGGTGG,CTTAGTTGTTGTCTTCTTGG,GG,CTTAGTTGTTGTCTTCTTGG,1.0,0,9817347.5,441,2,9967679.25080363
2867674,PAM_2019425_4,CTTAGTTGTTGTCTTCTTGGTGG,PAM_2019425,2L,9816706,9816729,CTTAGTTGTTGTCTTCTTGGTGG,CTTAGTTGTTGTCTTCTTGG,GG,CTTAGTTGTTGTCTTCTTGG,1.0,0,9816717.5,440,2,9989768.55207925
2867675,PAM_2019425_4,CTTAGTTGTTGTCTTCTTGGTGG,PAM_2019425,2L,9816706,9816729,CTTAGTTGTTGTCTTCTTGGTGG,CTTAGTTGTTGTCTTCTTGG,GG,CTTAGTTGTTGTCTTCTTGG,1.0,0,9816717.5,441,2,9967051.09036617
2867676,PAM_2019425_5,CTTAGTTGTTGTCTTCTTGGTGG,PAM_2019425,2L,9816076,9816099,CTTAGTTGTTGTCTTCTTGGTGG,CTTAGTTGTTGTCTTCTTGG,GG,CTTAGTTGTTGTCTTCTTGG,1.0,0,9816087.5,440,2,9989138.933720557
2867677,PAM_2019425_5,CTTAGTTGTTGTCTTCTTGGTGG,PAM_2019425,2L,9816076,9816099,CTTAGTTGTTGTCTTCTTGGTGG,CTTAGTTGTTGTCTTCTTGG,GG,CTTAGTTGTTGTCTTCTTGG,1.0,0,9816087.5,441,2,9966422.92992871
2867678,PAM_2019425_6,CTTAGTTGTTGTCTTCTTGGTGG,PAM_2019425,2L,9816916,9816939,CTTAGTTGTTGTCTTCTTGGTGG,CTTAGTTGTTGTCTTCTTGG,GG,CTTAGTTGTTGTCTTCTTGG,1.0,0,9816927.5,440,2,9989978.42486548
2867679,PAM_2019425_6,CTTAGTTGTTGTCTTCTTGGTGG,PAM_2019425,2L,9816916,9816939,CTTAGTTGTTGTCTTCTTGGTGG,CTTAGTTGTTGTCTTCTTGG,GG,CTTAGTTGTTGTCTTCTTGG,1.0,0,9816927.5,441,2,9967260.477178657
2867680,PAM_2019425_7,CTTAGTTGTTGTCTTCTTGGTGG,PAM_2019425,2L,9816286,9816309,CTTAGTTGTTGTCTTCTTGGTGG,CTTAGTTGTTGTCTTCTTGG,GG,CTTAGTTGTTGTCTTCTTGG,1.0,0,9816297.5,440,2,9989348.806506788
2867681,PAM_2019425_7,CTTAGTTGTTGTCTTCTTGGTGG,PAM_2019425,2L,9816286,9816309,CTTAGTTGTTGTCTTCTTGGTGG,CTTAGTTGTTGTCTTCTTGG,GG,CTTAGTTGTTGTCTTCTTGG,1.0,0,9816297.5,441,2,9966632.316741196
2867682,PAM_2019425_8,CTTAGTTGTTGTCTTCTTGGTGG,PAM_2019425,2L,9817546,9817569,CTTAGTTGTTGTCTTATTGGTGG,CTTAGTTGTTGTCTTATTGG,GG,CTTAGTTGTTGTCTTCTTGG,0.0,1,9817557.5,440,2,9990608.043224175
2867683,PAM_2019425_8,CTTAGTTGTTGTCTTCTTGGTGG,PAM_2019425,2L,9817546,9817569,CTTAGTTGTTGTCTTATTGGTGG,CTTAGTTGTTGTCTTATTGG,GG,CTTAGTTGTTGTCTTCTTGG,0.0,1,9817557.5,441,2,9967888.637616118
2867684,PAM_2019425_9,CTTAGTTGTTGTCTTCTTGGTGG,PAM_2019425,2L,9818146,9818169,CTTAGTTGTTGTCTTATTGGTGG,CTTAGTTGTTGTCTTATTGG,GG,CTTAGTTGTTGTCTTCTTGG,0.0,1,9818157.5,440,2,9991207.679756261
2867685,PAM_2019425_9,CTTAGTTGTTGTCTTCTTGGTGG,PAM_2019425,2L,9818146,9818169,CTTAGTTGTTGTCTTATTGGTGG,CTTAGTTGTTGTCTTATTGG,GG,CTTAGTTGTTGTCTTCTTGG,0.0,1,9818157.5,441,2,9968486.885651793
2867686,PAM_2019434_1,GTTAACGTTTTGCGAGTAGTTGG,PAM_2019434,2L,9816836,9816859,GTTAACGTTTTGCGAGTAGTTGG,GTTAACGTTTTGCGAGTAGT,GG,GTTAACGTTTTGCGAGTAGT,1.0,0,9816847.5,440,2,9989898.47332787
2867687,PAM_2019434_1,GTTAACGTTTTGCGAGTAGTTGG,PAM_2019434,2L,9816836,9816859,GTTAACGTTTTGCGAGTAGTTGG,GTTAACGTTTTGCGAGTAGT,GG,GTTAACGTTTTGCGAGTAGT,1.0,0,9816847.5,441,2,9967180.7107739
2867688,PAM_2019434_2,GTTAACGTTTTGCGAGTAGTTGG,PAM_2019434,2L,9816416,9816439,GTTGACGTTTTGCGAGTAGTTGG,GTTGACGTTTTGCGAGTAGT,GG,GTTAACGTTTTGCGAGTAGT,0.9,1,9816427.5,440,2,9989478.727755407
2867689,PAM_2019434_2,GTTAACGTTTTGCGAGTAGTTGG,PAM_2019434,2L,9816416,9816439,GTTGACGTTTTGCGAGTAGTTGG,GTTGACGTTTTGCGAGTAGT,GG,GTTAACGTTTTGCGAGTAGT,0.9,1,9816427.5,441,2,9966761.937148927
2867690,PAM_2019434_3,GTTAACGTTTTGCGAGTAGTTGG,PAM_2019434,2L,9818276,9818299,GTTGACGTTTTGCGAGTAGTTGG,GTTGACGTTTTGCGAGTAGT,GG,GTTAACGTTTTGCGAGTAGT,0.9,1,9818287.5,440,2,9991337.601004882
2867691,PAM_2019434_3,GTTAACGTTTTGCGAGTAGTTGG,PAM_2019434,2L,9818276,9818299,GTTGACGTTTTGCGAGTAGTTGG,GTTGACGTTTTGCGAGTAGT,GG,GTTAACGTTTTGCGAGTAGT,0.9,1,9818287.5,441,2,9968616.506059524
2867692,PAM_2019434_4,GTTAACGTTTTGCGAGTAGTTGG,PAM_2019434,2L,9817676,9817699,GTTGACGTTTTGCGAGTAGTTGG,GTTGACGTTTTGCGAGTAGT,GG,GTTAACGTTTTGCGAGTAGT,0.9,1,9817687.5,440,2,9990737.964472793
2867693,PAM_2019434_4,GTTAACGTTTTGCGAGTAGTTGG,PAM_2019434,2L,9817676,9817699,GTTGACGTTTTGCGAGTAGTTGG,GTTGACGTTTTGCGAGTAGT,GG,GTTAACGTTTTGCGAGTAGT,0.9,1,9817687.5,441,2,9968018.258023847
2867694,PAM_2019434_5,GTTAACGTTTTGCGAGTAGTTGG,PAM_2019434,2L,9818066,9818089,GTTGACGTTTTGCGAGTAGTTGG,GTTGACGTTTTGCGAGTAGT,GG,GTTAACGTTTTGCGAGTAGT,0.9,1,9818077.5,440,2,9991127.72821865
2867695,PAM_2019434_5,GTTAACGTTTTGCGAGTAGTTGG,PAM_2019434,2L,9818066,9818089,GTTGACGTTTTGCGAGTAGTTGG,GTTGACGTTTTGCGAGTAGT,GG,GTTAACGTTTTGCGAGTAGT,0.9,1,9818077.5,441,2,9968407.119247038
2867696,PAM_2019434_6,GTTAACGTTTTGCGAGTAGTTGG,PAM_2019434,2L,9817466,9817489,GTTGACGTTTTGCGAGTAGTTGG,GTTGACGTTTTGCGAGTAGT,GG,GTTAACGTTTTGCGAGTAGT,0.9,1,9817477.5,440,2,9990528.091686562
2867697,PAM_2019434_6,GTTAACGTTTTGCGAGTAGTTGG,PAM_2019434,2L,9817466,9817489,GTTGACGTTTTGCGAGTAGTTGG,GTTGACGTTTTGCGAGTAGT,GG,GTTAACGTTTTGCGAGTAGT,0.9,1,9817477.5,441,2,9967808.871211361
2867698,PAM_2019434_7,GTTAACGTTTTGCGAGTAGTTGG,PAM_2019434,2L,9816206,9816229,GTTGACGTTTTGCGAGTAGTTGG,GTTGACGTTTTGCGAGTAGT,GG,GTTAACGTTTTGCGAGTAGT,0.9,1,9816217.5,440,2,9989268.854969176
2867699,PAM_2019434_7,GTTAACGTTTTGCGAGTAGTTGG,PAM_2019434,2L,9816206,9816229,GTTGACGTTTTGCGAGTAGTTGG,GTTGACGTTTTGCGAGTAGT,GG,GTTAACGTTTTGCGAGTAGT,0.9,1,9816217.5,441,2,9966552.550336441
2867700,PAM_2019434_8,GTTAACGTTTTGCGAGTAGTTGG,PAM_2019434,2L,9816626,9816649,GTTGACGTTTTGCGAGTAGTTGG,GTTGACGTTTTGCGAGTAGT,GG,GTTAACGTTTTGCGAGTAGT,0.9,1,9816637.5,440,2,9989688.600541638
2867701,PAM_2019434_8,GTTAACGTTTTGCGAGTAGTTGG,PAM_2019434,2L,9816626,9816649,GTTGACGTTTTGCGAGTAGTTGG,GTTGACGTTTTGCGAGTAGT,GG,GTTAACGTTTTGCGAGTAGT,0.9,1,9816637.5,441,2,9966971.323961414
2867702,PAM_2019434_9,GTTAACGTTTTGCGAGTAGTTGG,PAM_2019434,2L,9817256,9817279,GTTGACGTTTTGCGAGTAGTTGG,GTTGACGTTTTGCGAGTAGT,GG,GTTAACGTTTTGCGAGTAGT,0.9,1,9817267.5,440,2,9990318.21890033
2867703,PAM_2019434_9,GTTAACGTTTTGCGAGTAGTTGG,PAM_2019434,2L,9817256,9817279,GTTGACGTTTTGCGAGTAGTTGG,GTTGACGTTTTGCGAGTAGT,GG,GTTAACGTTTTGCGAGTAGT,0.9,1,9817267.5,441,2,9967599.484398874
2867704,PAM_2019434_10,GTTAACGTTTTGCGAGTAGTTGG,PAM_2019434,2L,9817046,9817069,GTTGACGTTTTGCGAGTAGTTGG,GTTGACGTTTTGCGAGTAGT,GG,GTTAACGTTTTGCGAGTAGT,0.9,1,9817057.5,440,2,9990108.346114099
2867705,PAM_2019434_10,GTTAACGTTTTGCGAGTAGTTGG,PAM_2019434,2L,9817046,9817069,GTTGACGTTTTGCGAGTAGTTGG,GTTGACGTTTTGCGAGTAGT,GG,GTTAACGTTTTGCGAGTAGT,0.9,1,9817057.5,441,2,9967390.097586388
2867706,PAM_2019440_1,CTTAGTTGTTGTCTTCTTGGTGG,PAM_2019440,2L,9817126,9817149,CTTAGTTGTTGTCTTCTTGGTGG,CTTAGTTGTTGTCTTCTTGG,GG,CTTAGTTGTTGTCTTCTTGG,1.0,0,9817137.5,440,2,9990188.297651712
2867707,PAM_2019440_1,CTTAGTTGTTGTCTTCTTGGTGG,PAM_2019440,2L,9817126,9817149,CTTAGTTGTTGTCTTCTTGGTGG,CTTAGTTGTTGTCTTCTTGG,GG,CTTAGTTGTTGTCTTCTTGG,1.0,0,9817137.5,441,2,9967469.863991143
2867708,PAM_2019440_2,CTTAGTTGTTGTCTTCTTGGTGG,PAM_2019440,2L,9817336,9817359,CTTAGTTGTTGTCTTCTTGGTGG,CTTAGTTGTTGTCTTCTTGG,GG,CTTAGTTGTTGTCTTCTTGG,1.0,0,9817347.5,440,2,9990398.170437943
2867709,PAM_2019440_2,CTTAGTTGTTGTCTTCTTGGTGG,PAM_2019440,2L,9817336,9817359,CTTAGTTGTTGTCTTCTTGGTGG,CTTAGTTGTTGTCTTCTTGG,GG,CTTAGTTGTTGTCTTCTTGG,1.0,0,9817347.5,441,2,9967679.25080363
2867710,PAM_2019440_3,CTTAGTTGTTGTCTTCTTGGTGG,PAM_2019440,2L,9816706,9816729,CTTAGTTGTTGTCTTCTTGGTGG,CTTAGTTGTTGTCTTCTTGG,GG,CTTAGTTGTTGTCTTCTTGG,1.0,0,9816717.5,440,2,9989768.55207925
2867711,PAM_2019440_3,CTTAGTTGTTGTCTTCTTGGTGG,PAM_2019440,2L,9816706,9816729,CTTAGTTGTTGTCTTCTTGGTGG,CTTAGTTGTTGTCTTCTTGG,GG,CTTAGTTGTTGTCTTCTTGG,1.0,0,9816717.5,441,2,9967051.09036617
2867712,PAM_2019440_4,CTTAGTTGTTGTCTTCTTGGTGG,PAM_2019440,2L,9816076,9816099,CTTAGTTGTTGTCTTCTTGGTGG,CTTAGTTGTTGTCTTCTTGG,GG,CTTAGTTGTTGTCTTCTTGG,1.0,0,9816087.5,440,2,9989138.933720557
2867713,PAM_2019440_4,CTTAGTTGTTGTCTTCTTGGTGG,PAM_2019440,2L,9816076,9816099,CTTAGTTGTTGTCTTCTTGGTGG,CTTAGTTGTTGTCTTCTTGG,GG,CTTAGTTGTTGTCTTCTTGG,1.0,0,9816087.5,441,2,9966422.92992871
2867714,PAM_2019440_5,CTTAGTTGTTGTCTTCTTGGTGG,PAM_2019440,2L,9816916,9816939,CTTAGTTGTTGTCTTCTTGGTGG,CTTAGTTGTTGTCTTCTTGG,GG,CTTAGTTGTTGTCTTCTTGG,1.0,0,9816927.5,440,2,9989978.42486548
2867715,PAM_2019440_5,CTTAGTTGTTGTCTTCTTGGTGG,PAM_2019440,2L,9816916,9816939,CTTAGTTGTTGTCTTCTTGGTGG,CTTAGTTGTTGTCTTCTTGG,GG,CTTAGTTGTTGTCTTCTTGG,1.0,0,9816927.5,441,2,9967260.477178657
2867716,PAM_2019440_6,CTTAGTTGTTGTCTTCTTGGTGG,PAM_2019440,2L,9816286,9816309,CTTAGTTGTTGTCTTCTTGGTGG,CTTAGTTGTTGTCTTCTTGG,GG,CTTAGTTGTTGTCTTCTTGG,1.0,0,9816297.5,440,2,9989348.806506788
2867717,PAM_2019440_6,CTTAGTTGTTGTCTTCTTGGTGG,PAM_2019440,2L,9816286,9816309,CTTAGTTGTTGTCTTCTTGGTGG,CTTAGTTGTTGTCTTCTTGG,GG,CTTAGTTGTTGTCTTCTTGG,1.0,0,9816297.5,441,2,9966632.316741196
2867718,PAM_2019440_7,CTTAGTTGTTGTCTTCTTGGTGG,PAM_2019440,2L,9816496,9816519,CTTAGTTGTTGTCTTCTTGGTGG,CTTAGTTGTTGTCTTCTTGG,GG,CTTAGTTGTTGTCTTCTTGG,1.0,0,9816507.5,440,2,9989558.67929302
2867719,PAM_2019440_7,CTTAGTTGTTGTCTTCTTGGTGG,PAM_2019440,2L,9816496,9816519,CTTAGTTGTTGTCTTCTTGGTGG,CTTAGTTGTTGTCTTCTTGG,GG,CTTAGTTGTTGTCTTCTTGG,1.0,0,9816507.5,441,2,9966841.703553684
2867720,PAM_2019440_8,CTTAGTTGTTGTCTTCTTGGTGG,PAM_2019440,2L,9817546,9817569,CTTAGTTGTTGTCTTATTGGTGG,CTTAGTTGTTGTCTTATTGG,GG,CTTAGTTGTTGTCTTCTTGG,0.0,1,9817557.5,440,2,9990608.043224175
2867721,PAM_2019440_8,CTTAGTTGTTGTCTTCTTGGTGG,PAM_2019440,2L,9817546,9817569,CTTAGTTGTTGTCTTATTGGTGG,CTTAGTTGTTGTCTTATTGG,GG,CTTAGTTGTTGTCTTCTTGG,0.0,1,9817557.5,441,2,9967888.637616118
2867722,PAM_2019440_9,CTTAGTTGTTGTCTTCTTGGTGG,PAM_2019440,2L,9818146,9818169,CTTAGTTGTTGTCTTATTGGTGG,CTTAGTTGTTGTCTTATTGG,GG,CTTAGTTGTTGTCTTCTTGG,0.0,1,9818157.5,440,2,9991207.679756261
2867723,PAM_2019440_9,CTTAGTTGTTGTCTTCTTGGTGG,PAM_2019440,2L,9818146,9818169,CTTAGTTGTTGTCTTATTGGTGG,CTTAGTTGTTGTCTTATTGG,GG,CTTAGTTGTTGTCTTCTTGG,0.0,1,9818157.5,441,2,9968486.885651793
2867740,PAM_2019396_1,CTTAGTTGTTGTCTTCTTGGTGG,PAM_2019396,2L,9817336,9817359,CTTAGTTGTTGTCTTCTTGGTGG,CTTAGTTGTTGTCTTCTTGG,GG,CTTAGTTGTTGTCTTCTTGG,1.0,0,9817347.5,440,2,9990398.170437943
2867741,PAM_2019396_1,CTTAGTTGTTGTCTTCTTGGTGG,PAM_2019396,2L,9817336,9817359,CTTAGTTGTTGTCTTCTTGGTGG,CTTAGTTGTTGTCTTCTTGG,GG,CTTAGTTGTTGTCTTCTTGG,1.0,0,9817347.5,441,2,9967679.25080363
2867742,PAM_2019396_2,CTTAGTTGTTGTCTTCTTGGTGG,PAM_2019396,2L,9816706,9816729,CTTAGTTGTTGTCTTCTTGGTGG,CTTAGTTGTTGTCTTCTTGG,GG,CTTAGTTGTTGTCTTCTTGG,1.0,0,9816717.5,440,2,9989768.55207925
2867743,PAM_2019396_2,CTTAGTTGTTGTCTTCTTGGTGG,PAM_2019396,2L,9816706,9816729,CTTAGTTGTTGTCTTCTTGGTGG,CTTAGTTGTTGTCTTCTTGG,GG,CTTAGTTGTTGTCTTCTTGG,1.0,0,9816717.5,441,2,9967051.09036617
2867744,PAM_2019396_3,CTTAGTTGTTGTCTTCTTGGTGG,PAM_2019396,2L,9816076,9816099,CTTAGTTGTTGTCTTCTTGGTGG,CTTAGTTGTTGTCTTCTTGG,GG,CTTAGTTGTTGTCTTCTTGG,1.0,0,9816087.5,440,2,9989138.933720557
2867745,PAM_2019396_3,CTTAGTTGTTGTCTTCTTGGTGG,PAM_2019396,2L,9816076,9816099,CTTAGTTGTTGTCTTCTTGGTGG,CTTAGTTGTTGTCTTCTTGG,GG,CTTAGTTGTTGTCTTCTTGG,1.0,0,9816087.5,441,2,9966422.92992871
2867746,PAM_2019396_4,CTTAGTTGTTGTCTTCTTGGTGG,PAM_2019396,2L,9816916,9816939,CTTAGTTGTTGTCTTCTTGGTGG,CTTAGTTGTTGTCTTCTTGG,GG,CTTAGTTGTTGTCTTCTTGG,1.0,0,9816927.5,440,2,9989978.42486548
2867747,PAM_2019396_4,CTTAGTTGTTGTCTTCTTGGTGG,PAM_2019396,2L,9816916,9816939,CTTAGTTGTTGTCTTCTTGGTGG,CTTAGTTGTTGTCTTCTTGG,GG,CTTAGTTGTTGTCTTCTTGG,1.0,0,9816927.5,441,2,9967260.477178657
2867748,PAM_2019396_5,CTTAGTTGTTGTCTTCTTGGTGG,PAM_2019396,2L,9816286,9816309,CTTAGTTGTTGTCTTCTTGGTGG,CTTAGTTGTTGTCTTCTTGG,GG,CTTAGTTGTTGTCTTCTTGG,1.0,0,9816297.5,440,2,9989348.806506788
2867749,PAM_2019396_5,CTTAGTTGTTGTCTTCTTGGTGG,PAM_2019396,2L,9816286,9816309,CTTAGTTGTTGTCTTCTTGGTGG,CTTAGTTGTTGTCTTCTTGG,GG,CTTAGTTGTTGTCTTCTTGG,1.0,0,9816297.5,441,2,9966632.316741196
2867750,PAM_2019396_6,CTTAGTTGTTGTCTTCTTGGTGG,PAM_2019396,2L,9816496,9816519,CTTAGTTGTTGTCTTCTTGGTGG,CTTAGTTGTTGTCTTCTTGG,GG,CTTAGTTGTTGTCTTCTTGG,1.0,0,9816507.5,440,2,9989558.67929302
2867751,PAM_2019396_6,CTTAGTTGTTGTCTTCTTGGTGG,PAM_2019396,2L,9816496,9816519,CTTAGTTGTTGTCTTCTTGGTGG,CTTAGTTGTTGTCTTCTTGG,GG,CTTAGTTGTTGTCTTCTTGG,1.0,0,9816507.5,441,2,9966841.703553684
2867752,PAM_2019396_7,CTTAGTTGTTGTCTTCTTGGTGG,PAM_2019396,2L,9817126,9817149,CTTAGTTGTTGTCTTCTTGGTGG,CTTAGTTGTTGTCTTCTTGG,GG,CTTAGTTGTTGTCTTCTTGG,1.0,0,9817137.5,440,2,9990188.297651712
2867753,PAM_2019396_7,CTTAGTTGTTGTCTTCTTGGTGG,PAM_2019396,2L,9817126,9817149,CTTAGTTGTTGTCTTCTTGGTGG,CTTAGTTGTTGTCTTCTTGG,GG,CTTAGTTGTTGTCTTCTTGG,1.0,0,9817137.5,441,2,9967469.863991143
2867754,PAM_2019396_8,CTTAGTTGTTGTCTTCTTGGTGG,PAM_2019396,2L,9817546,9817569,CTTAGTTGTTGTCTTATTGGTGG,CTTAGTTGTTGTCTTATTGG,GG,CTTAGTTGTTGTCTTCTTGG,0.0,1,9817557.5,440,2,9990608.043224175
2867755,PAM_2019396_8,CTTAGTTGTTGTCTTCTTGGTGG,PAM_2019396,2L,9817546,9817569,CTTAGTTGTTGTCTTATTGGTGG,CTTAGTTGTTGTCTTATTGG,GG,CTTAGTTGTTGTCTTCTTGG,0.0,1,9817557.5,441,2,9967888.637616118
2867756,PAM_2019396_9,CTTAGTTGTTGTCTTCTTGGTGG,PAM_2019396,2L,9818146,9818169,CTTAGTTGTTGTCTTATTGGTGG,CTTAGTTGTTGTCTTATTGG,GG,CTTAGTTGTTGTCTTCTTGG,0.0,1,9818157.5,440,2,9991207.679756261
2867757,PAM_2019396_9,CTTAGTTGTTGTCTTCTTGGTGG,PAM_2019396,2L,9818146,9818169,CTTAGTTGTTGTCTTATTGGTGG,CTTAGTTGTTGTCTTATTGG,GG,CTTAGTTGTTGTCTTCTTGG,0.0,1,9818157.5,441,2,9968486.885651793
2867761,PAM_2019650_2,TGTCTTTTGGGTTGTTGGCTTGG,PAM_2019650,2L,9816532,9816555,TGTCTTATGGGTTGTTGTCTTGC,TGTCTTATGGGTTGTTGTCT,GC,TGTCTTTTGGGTTGTTGGCT,0.0032407407050925,3,9816543.5,440,2,10012997.893223044
2867762,PAM_2019650_2,TGTCTTTTGGGTTGTTGGCTTGG,PAM_2019650,2L,9816532,9816555,TGTCTTATGGGTTGTTGTCTTGC,TGTCTTATGGGTTGTTGTCT,GC,TGTCTTTTGGGTTGTTGGCT,0.0032407407050925,3,9816543.5,441,2,9990280.834173923
2867789,PAM_2019373_1,GTGCTTGTCTCCCGAGTGGTTGG,PAM_2019373,2L,9815954,9815977,GTGCTTGTCTCCCGAGTGGTTGG,GTGCTTGTCTCCCGAGTGGT,GG,GTGCTTGTCTCCCGAGTGGT,1.0,0,9815965.5,440,2,9989017.007625699
2867790,PAM_2019373_1,GTGCTTGTCTCCCGAGTGGTTGG,PAM_2019373,2L,9815954,9815977,GTGCTTGTCTCCCGAGTGGTTGG,GTGCTTGTCTCCCGAGTGGT,GG,GTGCTTGTCTCCCGAGTGGT,1.0,0,9815965.5,441,2,9966301.286161456
2867791,PAM_2019374_1,CTCCCGAGTGGTTGGCTCTCTGG,PAM_2019374,2L,9815962,9815985,CTCCCGAGTGGTTGGCTCTCTGG,CTCCCGAGTGGTTGGCTCTC,GG,CTCCCGAGTGGTTGGCTCTC,1.0,0,9815973.5,440,2,9989025.00277946
2867792,PAM_2019374_1,CTCCCGAGTGGTTGGCTCTCTGG,PAM_2019374,2L,9815962,9815985,CTCCCGAGTGGTTGGCTCTCTGG,CTCCCGAGTGGTTGGCTCTC,GG,CTCCCGAGTGGTTGGCTCTC,1.0,0,9815973.5,441,2,9966309.262801932
2867862,PAM_2019468_1,CTTAGTTGTTGTCTTCTTGGTGG,PAM_2019468,2L,9816916,9816939,CTTAGTTGTTGTCTTCTTGGTGG,CTTAGTTGTTGTCTTCTTGG,GG,CTTAGTTGTTGTCTTCTTGG,1.0,0,9816927.5,440,2,9989978.42486548
2867863,PAM_2019468_1,CTTAGTTGTTGTCTTCTTGGTGG,PAM_2019468,2L,9816916,9816939,CTTAGTTGTTGTCTTCTTGGTGG,CTTAGTTGTTGTCTTCTTGG,GG,CTTAGTTGTTGTCTTCTTGG,1.0,0,9816927.5,441,2,9967260.477178657
2867864,PAM_2019468_2,CTTAGTTGTTGTCTTCTTGGTGG,PAM_2019468,2L,9816286,9816309,CTTAGTTGTTGTCTTCTTGGTGG,CTTAGTTGTTGTCTTCTTGG,GG,CTTAGTTGTTGTCTTCTTGG,1.0,0,9816297.5,440,2,9989348.806506788
2867865,PAM_2019468_2,CTTAGTTGTTGTCTTCTTGGTGG,PAM_2019468,2L,9816286,9816309,CTTAGTTGTTGTCTTCTTGGTGG,CTTAGTTGTTGTCTTCTTGG,GG,CTTAGTTGTTGTCTTCTTGG,1.0,0,9816297.5,441,2,9966632.316741196
2867866,PAM_2019468_3,CTTAGTTGTTGTCTTCTTGGTGG,PAM_2019468,2L,9816496,9816519,CTTAGTTGTTGTCTTCTTGGTGG,CTTAGTTGTTGTCTTCTTGG,GG,CTTAGTTGTTGTCTTCTTGG,1.0,0,9816507.5,440,2,9989558.67929302
2867867,PAM_2019468_3,CTTAGTTGTTGTCTTCTTGGTGG,PAM_2019468,2L,9816496,9816519,CTTAGTTGTTGTCTTCTTGGTGG,CTTAGTTGTTGTCTTCTTGG,GG,CTTAGTTGTTGTCTTCTTGG,1.0,0,9816507.5,441,2,9966841.703553684
2867868,PAM_2019468_4,CTTAGTTGTTGTCTTCTTGGTGG,PAM_2019468,2L,9817126,9817149,CTTAGTTGTTGTCTTCTTGGTGG,CTTAGTTGTTGTCTTCTTGG,GG,CTTAGTTGTTGTCTTCTTGG,1.0,0,9817137.5,440,2,9990188.297651712
2867869,PAM_2019468_4,CTTAGTTGTTGTCTTCTTGGTGG,PAM_2019468,2L,9817126,9817149,CTTAGTTGTTGTCTTCTTGGTGG,CTTAGTTGTTGTCTTCTTGG,GG,CTTAGTTGTTGTCTTCTTGG,1.0,0,9817137.5,441,2,9967469.863991143
2867870,PAM_2019468_5,CTTAGTTGTTGTCTTCTTGGTGG,PAM_2019468,2L,9817336,9817359,CTTAGTTGTTGTCTTCTTGGTGG,CTTAGTTGTTGTCTTCTTGG,GG,CTTAGTTGTTGTCTTCTTGG,1.0,0,9817347.5,440,2,9990398.170437943
2867871,PAM_2019468_5,CTTAGTTGTTGTCTTCTTGGTGG,PAM_2019468,2L,9817336,9817359,CTTAGTTGTTGTCTTCTTGGTGG,CTTAGTTGTTGTCTTCTTGG,GG,CTTAGTTGTTGTCTTCTTGG,1.0,0,9817347.5,441,2,9967679.25080363
2867872,PAM_2019468_6,CTTAGTTGTTGTCTTCTTGGTGG,PAM_2019468,2L,9816706,9816729,CTTAGTTGTTGTCTTCTTGGTGG,CTTAGTTGTTGTCTTCTTGG,GG,CTTAGTTGTTGTCTTCTTGG,1.0,0,9816717.5,440,2,9989768.55207925
2867873,PAM_2019468_6,CTTAGTTGTTGTCTTCTTGGTGG,PAM_2019468,2L,9816706,9816729,CTTAGTTGTTGTCTTCTTGGTGG,CTTAGTTGTTGTCTTCTTGG,GG,CTTAGTTGTTGTCTTCTTGG,1.0,0,9816717.5,441,2,9967051.09036617
2867874,PAM_2019468_7,CTTAGTTGTTGTCTTCTTGGTGG,PAM_2019468,2L,9816076,9816099,CTTAGTTGTTGTCTTCTTGGTGG,CTTAGTTGTTGTCTTCTTGG,GG,CTTAGTTGTTGTCTTCTTGG,1.0,0,9816087.5,440,2,9989138.933720557
2867875,PAM_2019468_7,CTTAGTTGTTGTCTTCTTGGTGG,PAM_2019468,2L,9816076,9816099,CTTAGTTGTTGTCTTCTTGGTGG,CTTAGTTGTTGTCTTCTTGG,GG,CTTAGTTGTTGTCTTCTTGG,1.0,0,9816087.5,441,2,9966422.92992871
2867876,PAM_2019468_8,CTTAGTTGTTGTCTTCTTGGTGG,PAM_2019468,2L,9818146,9818169,CTTAGTTGTTGTCTTATTGGTGG,CTTAGTTGTTGTCTTATTGG,GG,CTTAGTTGTTGTCTTCTTGG,0.0,1,9818157.5,440,2,9991207.679756261
2867877,PAM_2019468_8,CTTAGTTGTTGTCTTCTTGGTGG,PAM_2019468,2L,9818146,9818169,CTTAGTTGTTGTCTTATTGGTGG,CTTAGTTGTTGTCTTATTGG,GG,CTTAGTTGTTGTCTTCTTGG,0.0,1,9818157.5,441,2,9968486.885651793
2867878,PAM_2019468_9,CTTAGTTGTTGTCTTCTTGGTGG,PAM_2019468,2L,9817546,9817569,CTTAGTTGTTGTCTTATTGGTGG,CTTAGTTGTTGTCTTATTGG,GG,CTTAGTTGTTGTCTTCTTGG,0.0,1,9817557.5,440,2,9990608.043224175
2867879,PAM_2019468_9,CTTAGTTGTTGTCTTCTTGGTGG,PAM_2019468,2L,9817546,9817569,CTTAGTTGTTGTCTTATTGGTGG,CTTAGTTGTTGTCTTATTGG,GG,CTTAGTTGTTGTCTTCTTGG,0.0,1,9817557.5,441,2,9967888.637616118
2867954,PAM_2019454_1,CTTAGTTGTTGTCTTCTTGGTGG,PAM_2019454,2L,9816496,9816519,CTTAGTTGTTGTCTTCTTGGTGG,CTTAGTTGTTGTCTTCTTGG,GG,CTTAGTTGTTGTCTTCTTGG,1.0,0,9816507.5,440,2,9989558.67929302
2867955,PAM_2019454_1,CTTAGTTGTTGTCTTCTTGGTGG,PAM_2019454,2L,9816496,9816519,CTTAGTTGTTGTCTTCTTGGTGG,CTTAGTTGTTGTCTTCTTGG,GG,CTTAGTTGTTGTCTTCTTGG,1.0,0,9816507.5,441,2,9966841.703553684
2867956,PAM_2019454_2,CTTAGTTGTTGTCTTCTTGGTGG,PAM_2019454,2L,9817126,9817149,CTTAGTTGTTGTCTTCTTGGTGG,CTTAGTTGTTGTCTTCTTGG,GG,CTTAGTTGTTGTCTTCTTGG,1.0,0,9817137.5,440,2,9990188.297651712
2867957,PAM_2019454_2,CTTAGTTGTTGTCTTCTTGGTGG,PAM_2019454,2L,9817126,9817149,CTTAGTTGTTGTCTTCTTGGTGG,CTTAGTTGTTGTCTTCTTGG,GG,CTTAGTTGTTGTCTTCTTGG,1.0,0,9817137.5,441,2,9967469.863991143
2867958,PAM_2019454_3,CTTAGTTGTTGTCTTCTTGGTGG,PAM_2019454,2L,9817336,9817359,CTTAGTTGTTGTCTTCTTGGTGG,CTTAGTTGTTGTCTTCTTGG,GG,CTTAGTTGTTGTCTTCTTGG,1.0,0,9817347.5,440,2,9990398.170437943
2867959,PAM_2019454_3,CTTAGTTGTTGTCTTCTTGGTGG,PAM_2019454,2L,9817336,9817359,CTTAGTTGTTGTCTTCTTGGTGG,CTTAGTTGTTGTCTTCTTGG,GG,CTTAGTTGTTGTCTTCTTGG,1.0,0,9817347.5,441,2,9967679.25080363
2867960,PAM_2019454_4,CTTAGTTGTTGTCTTCTTGGTGG,PAM_2019454,2L,9816706,9816729,CTTAGTTGTTGTCTTCTTGGTGG,CTTAGTTGTTGTCTTCTTGG,GG,CTTAGTTGTTGTCTTCTTGG,1.0,0,9816717.5,440,2,9989768.55207925
2867961,PAM_2019454_4,CTTAGTTGTTGTCTTCTTGGTGG,PAM_2019454,2L,9816706,9816729,CTTAGTTGTTGTCTTCTTGGTGG,CTTAGTTGTTGTCTTCTTGG,GG,CTTAGTTGTTGTCTTCTTGG,1.0,0,9816717.5,441,2,9967051.09036617
2867962,PAM_2019454_5,CTTAGTTGTTGTCTTCTTGGTGG,PAM_2019454,2L,9816076,9816099,CTTAGTTGTTGTCTTCTTGGTGG,CTTAGTTGTTGTCTTCTTGG,GG,CTTAGTTGTTGTCTTCTTGG,1.0,0,9816087.5,440,2,9989138.933720557
2867963,PAM_2019454_5,CTTAGTTGTTGTCTTCTTGGTGG,PAM_2019454,2L,9816076,9816099,CTTAGTTGTTGTCTTCTTGGTGG,CTTAGTTGTTGTCTTCTTGG,GG,CTTAGTTGTTGTCTTCTTGG,1.0,0,9816087.5,441,2,9966422.92992871
2867964,PAM_2019454_6,CTTAGTTGTTGTCTTCTTGGTGG,PAM_2019454,2L,9816916,9816939,CTTAGTTGTTGTCTTCTTGGTGG,CTTAGTTGTTGTCTTCTTGG,GG,CTTAGTTGTTGTCTTCTTGG,1.0,0,9816927.5,440,2,9989978.42486548
2867965,PAM_2019454_6,CTTAGTTGTTGTCTTCTTGGTGG,PAM_2019454,2L,9816916,9816939,CTTAGTTGTTGTCTTCTTGGTGG,CTTAGTTGTTGTCTTCTTGG,GG,CTTAGTTGTTGTCTTCTTGG,1.0,0,9816927.5,441,2,9967260.477178657
2867966,PAM_2019454_7,CTTAGTTGTTGTCTTCTTGGTGG,PAM_2019454,2L,9816286,9816309,CTTAGTTGTTGTCTTCTTGGTGG,CTTAGTTGTTGTCTTCTTGG,GG,CTTAGTTGTTGTCTTCTTGG,1.0,0,9816297.5,440,2,9989348.806506788
2867967,PAM_2019454_7,CTTAGTTGTTGTCTTCTTGGTGG,PAM_2019454,2L,9816286,9816309,CTTAGTTGTTGTCTTCTTGGTGG,CTTAGTTGTTGTCTTCTTGG,GG,CTTAGTTGTTGTCTTCTTGG,1.0,0,9816297.5,441,2,9966632.316741196
2867968,PAM_2019454_8,CTTAGTTGTTGTCTTCTTGGTGG,PAM_2019454,2L,9817546,9817569,CTTAGTTGTTGTCTTATTGGTGG,CTTAGTTGTTGTCTTATTGG,GG,CTTAGTTGTTGTCTTCTTGG,0.0,1,9817557.5,440,2,9990608.043224175
2867969,PAM_2019454_8,CTTAGTTGTTGTCTTCTTGGTGG,PAM_2019454,2L,9817546,9817569,CTTAGTTGTTGTCTTATTGGTGG,CTTAGTTGTTGTCTTATTGG,GG,CTTAGTTGTTGTCTTCTTGG,0.0,1,9817557.5,441,2,9967888.637616118
2867970,PAM_2019454_9,CTTAGTTGTTGTCTTCTTGGTGG,PAM_2019454,2L,9818146,9818169,CTTAGTTGTTGTCTTATTGGTGG,CTTAGTTGTTGTCTTATTGG,GG,CTTAGTTGTTGTCTTCTTGG,0.0,1,9818157.5,440,2,9991207.679756261
2867971,PAM_2019454_9,CTTAGTTGTTGTCTTCTTGGTGG,PAM_2019454,2L,9818146,9818169,CTTAGTTGTTGTCTTATTGGTGG,CTTAGTTGTTGTCTTATTGG,GG,CTTAGTTGTTGTCTTCTTGG,0.0,1,9818157.5,441,2,9968486.885651793
2868008,PAM_2019483_1,CTTAGTTGTTGTCTTATTGGTGG,PAM_2019483,2L,9818146,9818169,CTTAGTTGTTGTCTTATTGGTGG,CTTAGTTGTTGTCTTATTGG,GG,CTTAGTTGTTGTCTTATTGG,1.0,0,9818157.5,440,2,9991207.679756261
2868009,PAM_2019483_1,CTTAGTTGTTGTCTTATTGGTGG,PAM_2019483,2L,9818146,9818169,CTTAGTTGTTGTCTTATTGGTGG,CTTAGTTGTTGTCTTATTGG,GG,CTTAGTTGTTGTCTTATTGG,1.0,0,9818157.5,441,2,9968486.885651793
2868010,PAM_2019483_2,CTTAGTTGTTGTCTTATTGGTGG,PAM_2019483,2L,9817546,9817569,CTTAGTTGTTGTCTTATTGGTGG,CTTAGTTGTTGTCTTATTGG,GG,CTTAGTTGTTGTCTTATTGG,1.0,0,9817557.5,440,2,9990608.043224175
2868011,PAM_2019483_2,CTTAGTTGTTGTCTTATTGGTGG,PAM_2019483,2L,9817546,9817569,CTTAGTTGTTGTCTTATTGGTGG,CTTAGTTGTTGTCTTATTGG,GG,CTTAGTTGTTGTCTTATTGG,1.0,0,9817557.5,441,2,9967888.637616118
2868012,PAM_2019483_3,CTTAGTTGTTGTCTTATTGGTGG,PAM_2019483,2L,9816076,9816099,CTTAGTTGTTGTCTTCTTGGTGG,CTTAGTTGTTGTCTTCTTGG,GG,CTTAGTTGTTGTCTTATTGG,1.0,1,9816087.5,440,2,9989138.933720557
2868013,PAM_2019483_3,CTTAGTTGTTGTCTTATTGGTGG,PAM_2019483,2L,9816076,9816099,CTTAGTTGTTGTCTTCTTGGTGG,CTTAGTTGTTGTCTTCTTGG,GG,CTTAGTTGTTGTCTTATTGG,1.0,1,9816087.5,441,2,9966422.92992871
2868014,PAM_2019483_4,CTTAGTTGTTGTCTTATTGGTGG,PAM_2019483,2L,9816916,9816939,CTTAGTTGTTGTCTTCTTGGTGG,CTTAGTTGTTGTCTTCTTGG,GG,CTTAGTTGTTGTCTTATTGG,1.0,1,9816927.5,440,2,9989978.42486548
2868015,PAM_2019483_4,CTTAGTTGTTGTCTTATTGGTGG,PAM_2019483,2L,9816916,9816939,CTTAGTTGTTGTCTTCTTGGTGG,CTTAGTTGTTGTCTTCTTGG,GG,CTTAGTTGTTGTCTTATTGG,1.0,1,9816927.5,441,2,9967260.477178657
2868016,PAM_2019483_5,CTTAGTTGTTGTCTTATTGGTGG,PAM_2019483,2L,9816286,9816309,CTTAGTTGTTGTCTTCTTGGTGG,CTTAGTTGTTGTCTTCTTGG,GG,CTTAGTTGTTGTCTTATTGG,1.0,1,9816297.5,440,2,9989348.806506788
2868017,PAM_2019483_5,CTTAGTTGTTGTCTTATTGGTGG,PAM_2019483,2L,9816286,9816309,CTTAGTTGTTGTCTTCTTGGTGG,CTTAGTTGTTGTCTTCTTGG,GG,CTTAGTTGTTGTCTTATTGG,1.0,1,9816297.5,441,2,9966632.316741196
2868018,PAM_2019483_6,CTTAGTTGTTGTCTTATTGGTGG,PAM_2019483,2L,9816496,9816519,CTTAGTTGTTGTCTTCTTGGTGG,CTTAGTTGTTGTCTTCTTGG,GG,CTTAGTTGTTGTCTTATTGG,1.0,1,9816507.5,440,2,9989558.67929302
2868019,PAM_2019483_6,CTTAGTTGTTGTCTTATTGGTGG,PAM_2019483,2L,9816496,9816519,CTTAGTTGTTGTCTTCTTGGTGG,CTTAGTTGTTGTCTTCTTGG,GG,CTTAGTTGTTGTCTTATTGG,1.0,1,9816507.5,441,2,9966841.703553684
2868020,PAM_2019483_7,CTTAGTTGTTGTCTTATTGGTGG,PAM_2019483,2L,9817126,9817149,CTTAGTTGTTGTCTTCTTGGTGG,CTTAGTTGTTGTCTTCTTGG,GG,CTTAGTTGTTGTCTTATTGG,1.0,1,9817137.5,440,2,9990188.297651712
2868021,PAM_2019483_7,CTTAGTTGTTGTCTTATTGGTGG,PAM_2019483,2L,9817126,9817149,CTTAGTTGTTGTCTTCTTGGTGG,CTTAGTTGTTGTCTTCTTGG,GG,CTTAGTTGTTGTCTTATTGG,1.0,1,9817137.5,441,2,9967469.863991143
2868022,PAM_2019483_8,CTTAGTTGTTGTCTTATTGGTGG,PAM_2019483,2L,9817336,9817359,CTTAGTTGTTGTCTTCTTGGTGG,CTTAGTTGTTGTCTTCTTGG,GG,CTTAGTTGTTGTCTTATTGG,1.0,1,9817347.5,440,2,9990398.170437943
2868023,PAM_2019483_8,CTTAGTTGTTGTCTTATTGGTGG,PAM_2019483,2L,9817336,9817359,CTTAGTTGTTGTCTTCTTGGTGG,CTTAGTTGTTGTCTTCTTGG,GG,CTTAGTTGTTGTCTTATTGG,1.0,1,9817347.5,441,2,9967679.25080363
2868024,PAM_2019483_9,CTTAGTTGTTGTCTTATTGGTGG,PAM_2019483,2L,9816706,9816729,CTTAGTTGTTGTCTTCTTGGTGG,CTTAGTTGTTGTCTTCTTGG,GG,CTTAGTTGTTGTCTTATTGG,1.0,1,9816717.5,440,2,9989768.55207925
2868025,PAM_2019483_9,CTTAGTTGTTGTCTTATTGGTGG,PAM_2019483,2L,9816706,9816729,CTTAGTTGTTGTCTTCTTGGTGG,CTTAGTTGTTGTCTTCTTGG,GG,CTTAGTTGTTGTCTTATTGG,1.0,1,9816717.5,441,2,9967051.09036617
2868046,PAM_2019605_1,CTCATGGGTTTTTGTCTTACTGG,PAM_2019605,2L,9819550,9819573,CTCATGGGTTTTTGTCTTACTGG,CTCATGGGTTTTTGTCTTAC,GG,CTCATGGGTTTTTGTCTTAC,1.0,0,9819561.5,440,2,9992610.829241348
2868047,PAM_2019605_1,CTCATGGGTTTTTGTCTTACTGG,PAM_2019605,2L,9819550,9819573,CTCATGGGTTTTTGTCTTACTGG,CTCATGGGTTTTTGTCTTAC,GG,CTCATGGGTTTTTGTCTTAC,1.0,0,9819561.5,441,2,9969886.786055276
2868048,PAM_2019605_2,CTCATGGGTTTTTGTCTTACTGG,PAM_2019605,2L,9819160,9819183,CTCATGGGTTTTTGTCTTACTGG,CTCATGGGTTTTTGTCTTAC,GG,CTCATGGGTTTTTGTCTTAC,1.0,0,9819171.5,440,2,9992221.065495491
2868049,PAM_2019605_2,CTCATGGGTTTTTGTCTTACTGG,PAM_2019605,2L,9819160,9819183,CTCATGGGTTTTTGTCTTACTGG,CTCATGGGTTTTTGTCTTAC,GG,CTCATGGGTTTTTGTCTTAC,1.0,0,9819171.5,441,2,9969497.924832087
2868050,PAM_2019605_3,CTCATGGGTTTTTGTCTTACTGG,PAM_2019605,2L,9817975,9817998,CTCATGGGTTGTTGTCTTACTGG,CTCATGGGTTGTTGTCTTAC,GG,CTCATGGGTTTTTGTCTTAC,0.384615385,1,9817986.5,440,2,9991036.783344617
2868051,PAM_2019605_3,CTCATGGGTTTTTGTCTTACTGG,PAM_2019605,2L,9817975,9817998,CTCATGGGTTGTTGTCTTACTGG,CTCATGGGTTGTTGTCTTAC,GG,CTCATGGGTTTTTGTCTTAC,0.384615385,1,9817986.5,441,2,9968316.384961626
2868052,PAM_2019605_4,CTCATGGGTTTTTGTCTTACTGG,PAM_2019605,2L,9819940,9819963,CTCATGGGTTGTTGTCTTACTGG,CTCATGGGTTGTTGTCTTAC,GG,CTCATGGGTTTTTGTCTTAC,0.384615385,1,9819951.5,440,2,9993000.592987208
2868053,PAM_2019605_4,CTCATGGGTTTTTGTCTTACTGG,PAM_2019605,2L,9819940,9819963,CTCATGGGTTGTTGTCTTACTGG,CTCATGGGTTGTTGTCTTAC,GG,CTCATGGGTTTTTGTCTTAC,0.384615385,1,9819951.5,441,2,9970275.647278465
2868054,PAM_2019605_5,CTCATGGGTTTTTGTCTTACTGG,PAM_2019605,2L,9819745,9819768,CTCATGGGTTGTTGTCTTACTGG,CTCATGGGTTGTTGTCTTAC,GG,CTCATGGGTTTTTGTCTTAC,0.384615385,1,9819756.5,440,2,9992805.711114278
2868055,PAM_2019605_5,CTCATGGGTTTTTGTCTTACTGG,PAM_2019605,2L,9819745,9819768,CTCATGGGTTGTTGTCTTACTGG,CTCATGGGTTGTTGTCTTAC,GG,CTCATGGGTTTTTGTCTTAC,0.384615385,1,9819756.5,441,2,9970081.216666872
2868056,PAM_2019605_6,CTCATGGGTTTTTGTCTTACTGG,PAM_2019605,2L,9819355,9819378,CTCATGGGTTGTTGTCTTACTGG,CTCATGGGTTGTTGTCTTAC,GG,CTCATGGGTTTTTGTCTTAC,0.384615385,1,9819366.5,440,2,9992415.94736842
2868057,PAM_2019605_6,CTCATGGGTTTTTGTCTTACTGG,PAM_2019605,2L,9819355,9819378,CTCATGGGTTGTTGTCTTACTGG,CTCATGGGTTGTTGTCTTAC,GG,CTCATGGGTTTTTGTCTTAC,0.384615385,1,9819366.5,441,2,9969692.355443683
2868058,PAM_2019605_7,CTCATGGGTTTTTGTCTTACTGG,PAM_2019605,2L,9818965,9818988,CTCATGGGTTGTTGTCTTACTGG,CTCATGGGTTGTTGTCTTAC,GG,CTCATGGGTTTTTGTCTTAC,0.384615385,1,9818976.5,440,2,9992026.183622563
2868059,PAM_2019605_7,CTCATGGGTTTTTGTCTTACTGG,PAM_2019605,2L,9818965,9818988,CTCATGGGTTGTTGTCTTACTGG,CTCATGGGTTGTTGTCTTAC,GG,CTCATGGGTTTTTGTCTTAC,0.384615385,1,9818976.5,441,2,9969303.494220491
2868060,PAM_2019605_8,CTCATGGGTTTTTGTCTTACTGG,PAM_2019605,2L,9818575,9818598,CTCATGGGTTGTTGTCTTACTGG,CTCATGGGTTGTTGTCTTAC,GG,CTCATGGGTTTTTGTCTTAC,0.384615385,1,9818586.5,440,2,9991636.419876706
2868061,PAM_2019605_8,CTCATGGGTTTTTGTCTTACTGG,PAM_2019605,2L,9818575,9818598,CTCATGGGTTGTTGTCTTACTGG,CTCATGGGTTGTTGTCTTAC,GG,CTCATGGGTTTTTGTCTTAC,0.384615385,1,9818586.5,441,2,9968914.632997302
2868062,PAM_2019605_9,CTCATGGGTTTTTGTCTTACTGG,PAM_2019605,2L,9818770,9818793,CTCATGGGTTGTTGTCTTACTGG,CTCATGGGTTGTTGTCTTAC,GG,CTCATGGGTTTTTGTCTTAC,0.384615385,1,9818781.5,440,2,9991831.301749634
2868063,PAM_2019605_9,CTCATGGGTTTTTGTCTTACTGG,PAM_2019605,2L,9818770,9818793,CTCATGGGTTGTTGTCTTACTGG,CTCATGGGTTGTTGTCTTAC,GG,CTCATGGGTTTTTGTCTTAC,0.384615385,1,9818781.5,441,2,9969109.063608898
2868145,PAM_2019382_1,CTTAGTTGTTGTCTTCTTGGTGG,PAM_2019382,2L,9817336,9817359,CTTAGTTGTTGTCTTCTTGGTGG,CTTAGTTGTTGTCTTCTTGG,GG,CTTAGTTGTTGTCTTCTTGG,1.0,0,9817347.5,440,2,10063874.45678445
2868146,PAM_2019382_1,CTTAGTTGTTGTCTTCTTGGTGG,PAM_2019382,2L,9817336,9817359,CTTAGTTGTTGTCTTCTTGGTGG,CTTAGTTGTTGTCTTCTTGG,GG,CTTAGTTGTTGTCTTCTTGG,1.0,0,9817347.5,441,2,10041155.537150137
2868147,PAM_2019382_2,CTTAGTTGTTGTCTTCTTGGTGG,PAM_2019382,2L,9816706,9816729,CTTAGTTGTTGTCTTCTTGGTGG,CTTAGTTGTTGTCTTCTTGG,GG,CTTAGTTGTTGTCTTCTTGG,1.0,0,9816717.5,440,2,10063244.838425756
2868148,PAM_2019382_2,CTTAGTTGTTGTCTTCTTGGTGG,PAM_2019382,2L,9816706,9816729,CTTAGTTGTTGTCTTCTTGGTGG,CTTAGTTGTTGTCTTCTTGG,GG,CTTAGTTGTTGTCTTCTTGG,1.0,0,9816717.5,441,2,10040527.376712676
2868149,PAM_2019382_3,CTTAGTTGTTGTCTTCTTGGTGG,PAM_2019382,2L,9816076,9816099,CTTAGTTGTTGTCTTCTTGGTGG,CTTAGTTGTTGTCTTCTTGG,GG,CTTAGTTGTTGTCTTCTTGG,1.0,0,9816087.5,440,2,10062615.220067063
2868150,PAM_2019382_3,CTTAGTTGTTGTCTTCTTGGTGG,PAM_2019382,2L,9816076,9816099,CTTAGTTGTTGTCTTCTTGGTGG,CTTAGTTGTTGTCTTCTTGG,GG,CTTAGTTGTTGTCTTCTTGG,1.0,0,9816087.5,441,2,10039899.216275217
2868151,PAM_2019382_4,CTTAGTTGTTGTCTTCTTGGTGG,PAM_2019382,2L,9816916,9816939,CTTAGTTGTTGTCTTCTTGGTGG,CTTAGTTGTTGTCTTCTTGG,GG,CTTAGTTGTTGTCTTCTTGG,1.0,0,9816927.5,440,2,10063454.711211987
2868152,PAM_2019382_4,CTTAGTTGTTGTCTTCTTGGTGG,PAM_2019382,2L,9816916,9816939,CTTAGTTGTTGTCTTCTTGGTGG,CTTAGTTGTTGTCTTCTTGG,GG,CTTAGTTGTTGTCTTCTTGG,1.0,0,9816927.5,441,2,10040736.763525164
2868153,PAM_2019382_5,CTTAGTTGTTGTCTTCTTGGTGG,PAM_2019382,2L,9816286,9816309,CTTAGTTGTTGTCTTCTTGGTGG,CTTAGTTGTTGTCTTCTTGG,GG,CTTAGTTGTTGTCTTCTTGG,1.0,0,9816297.5,440,2,10062825.092853295
2868154,PAM_2019382_5,CTTAGTTGTTGTCTTCTTGGTGG,PAM_2019382,2L,9816286,9816309,CTTAGTTGTTGTCTTCTTGGTGG,CTTAGTTGTTGTCTTCTTGG,GG,CTTAGTTGTTGTCTTCTTGG,1.0,0,9816297.5,441,2,10040108.603087703
2868155,PAM_2019382_6,CTTAGTTGTTGTCTTCTTGGTGG,PAM_2019382,2L,9816496,9816519,CTTAGTTGTTGTCTTCTTGGTGG,CTTAGTTGTTGTCTTCTTGG,GG,CTTAGTTGTTGTCTTCTTGG,1.0,0,9816507.5,440,2,10063034.965639526
2868156,PAM_2019382_6,CTTAGTTGTTGTCTTCTTGGTGG,PAM_2019382,2L,9816496,9816519,CTTAGTTGTTGTCTTCTTGGTGG,CTTAGTTGTTGTCTTCTTGG,GG,CTTAGTTGTTGTCTTCTTGG,1.0,0,9816507.5,441,2,10040317.98990019
2868157,PAM_2019382_7,CTTAGTTGTTGTCTTCTTGGTGG,PAM_2019382,2L,9817126,9817149,CTTAGTTGTTGTCTTCTTGGTGG,CTTAGTTGTTGTCTTCTTGG,GG,CTTAGTTGTTGTCTTCTTGG,1.0,0,9817137.5,440,2,10063664.583998218
2868158,PAM_2019382_7,CTTAGTTGTTGTCTTCTTGGTGG,PAM_2019382,2L,9817126,9817149,CTTAGTTGTTGTCTTCTTGGTGG,CTTAGTTGTTGTCTTCTTGG,GG,CTTAGTTGTTGTCTTCTTGG,1.0,0,9817137.5,441,2,10040946.15033765
2868159,PAM_2019382_8,CTTAGTTGTTGTCTTCTTGGTGG,PAM_2019382,2L,9818146,9818169,CTTAGTTGTTGTCTTATTGGTGG,CTTAGTTGTTGTCTTATTGG,GG,CTTAGTTGTTGTCTTCTTGG,0.0,1,9818157.5,440,2,10064683.966102768
2868160,PAM_2019382_8,CTTAGTTGTTGTCTTCTTGGTGG,PAM_2019382,2L,9818146,9818169,CTTAGTTGTTGTCTTATTGGTGG,CTTAGTTGTTGTCTTATTGG,GG,CTTAGTTGTTGTCTTCTTGG,0.0,1,9818157.5,441,2,10041963.1719983
2868161,PAM_2019382_9,CTTAGTTGTTGTCTTCTTGGTGG,PAM_2019382,2L,9817546,9817569,CTTAGTTGTTGTCTTATTGGTGG,CTTAGTTGTTGTCTTATTGG,GG,CTTAGTTGTTGTCTTCTTGG,0.0,1,9817557.5,440,2,10064084.32957068
2868162,PAM_2019382_9,CTTAGTTGTTGTCTTCTTGGTGG,PAM_2019382,2L,9817546,9817569,CTTAGTTGTTGTCTTATTGGTGG,CTTAGTTGTTGTCTTATTGG,GG,CTTAGTTGTTGTCTTCTTGG,0.0,1,9817557.5,441,2,10041364.923962625
2868163,PAM_2019522_1,CTTAGTTGTTGTCTTATTGGTGG,PAM_2019522,2L,9817546,9817569,CTTAGTTGTTGTCTTATTGGTGG,CTTAGTTGTTGTCTTATTGG,GG,CTTAGTTGTTGTCTTATTGG,1.0,0,9817557.5,440,2,10064084.32957068
2868164,PAM_2019522_1,CTTAGTTGTTGTCTTATTGGTGG,PAM_2019522,2L,9817546,9817569,CTTAGTTGTTGTCTTATTGGTGG,CTTAGTTGTTGTCTTATTGG,GG,CTTAGTTGTTGTCTTATTGG,1.0,0,9817557.5,441,2,10041364.923962625
2868165,PAM_2019522_2,CTTAGTTGTTGTCTTATTGGTGG,PAM_2019522,2L,9818146,9818169,CTTAGTTGTTGTCTTATTGGTGG,CTTAGTTGTTGTCTTATTGG,GG,CTTAGTTGTTGTCTTATTGG,1.0,0,9818157.5,440,2,10064683.966102768
2868166,PAM_2019522_2,CTTAGTTGTTGTCTTATTGGTGG,PAM_2019522,2L,9818146,9818169,CTTAGTTGTTGTCTTATTGGTGG,CTTAGTTGTTGTCTTATTGG,GG,CTTAGTTGTTGTCTTATTGG,1.0,0,9818157.5,441,2,10041963.1719983
2868167,PAM_2019522_3,CTTAGTTGTTGTCTTATTGGTGG,PAM_2019522,2L,9816496,9816519,CTTAGTTGTTGTCTTCTTGGTGG,CTTAGTTGTTGTCTTCTTGG,GG,CTTAGTTGTTGTCTTATTGG,1.0,1,9816507.5,440,2,10063034.965639526
2868168,PAM_2019522_3,CTTAGTTGTTGTCTTATTGGTGG,PAM_2019522,2L,9816496,9816519,CTTAGTTGTTGTCTTCTTGGTGG,CTTAGTTGTTGTCTTCTTGG,GG,CTTAGTTGTTGTCTTATTGG,1.0,1,9816507.5,441,2,10040317.98990019
2868169,PAM_2019522_4,CTTAGTTGTTGTCTTATTGGTGG,PAM_2019522,2L,9817126,9817149,CTTAGTTGTTGTCTTCTTGGTGG,CTTAGTTGTTGTCTTCTTGG,GG,CTTAGTTGTTGTCTTATTGG,1.0,1,9817137.5,440,2,10063664.583998218
2868170,PAM_2019522_4,CTTAGTTGTTGTCTTATTGGTGG,PAM_2019522,2L,9817126,9817149,CTTAGTTGTTGTCTTCTTGGTGG,CTTAGTTGTTGTCTTCTTGG,GG,CTTAGTTGTTGTCTTATTGG,1.0,1,9817137.5,441,2,10040946.15033765
2868171,PAM_2019522_5,CTTAGTTGTTGTCTTATTGGTGG,PAM_2019522,2L,9817336,9817359,CTTAGTTGTTGTCTTCTTGGTGG,CTTAGTTGTTGTCTTCTTGG,GG,CTTAGTTGTTGTCTTATTGG,1.0,1,9817347.5,440,2,10063874.45678445
2868172,PAM_2019522_5,CTTAGTTGTTGTCTTATTGGTGG,PAM_2019522,2L,9817336,9817359,CTTAGTTGTTGTCTTCTTGGTGG,CTTAGTTGTTGTCTTCTTGG,GG,CTTAGTTGTTGTCTTATTGG,1.0,1,9817347.5,441,2,10041155.537150137
2868173,PAM_2019522_6,CTTAGTTGTTGTCTTATTGGTGG,PAM_2019522,2L,9816706,9816729,CTTAGTTGTTGTCTTCTTGGTGG,CTTAGTTGTTGTCTTCTTGG,GG,CTTAGTTGTTGTCTTATTGG,1.0,1,9816717.5,440,2,10063244.838425756
2868174,PAM_2019522_6,CTTAGTTGTTGTCTTATTGGTGG,PAM_2019522,2L,9816706,9816729,CTTAGTTGTTGTCTTCTTGGTGG,CTTAGTTGTTGTCTTCTTGG,GG,CTTAGTTGTTGTCTTATTGG,1.0,1,9816717.5,441,2,10040527.376712676
2868175,PAM_2019522_7,CTTAGTTGTTGTCTTATTGGTGG,PAM_2019522,2L,9816076,9816099,CTTAGTTGTTGTCTTCTTGGTGG,CTTAGTTGTTGTCTTCTTGG,GG,CTTAGTTGTTGTCTTATTGG,1.0,1,9816087.5,440,2,10062615.220067063
2868176,PAM_2019522_7,CTTAGTTGTTGTCTTATTGGTGG,PAM_2019522,2L,9816076,9816099,CTTAGTTGTTGTCTTCTTGGTGG,CTTAGTTGTTGTCTTCTTGG,GG,CTTAGTTGTTGTCTTATTGG,1.0,1,9816087.5,441,2,10039899.216275217
2868177,PAM_2019522_8,CTTAGTTGTTGTCTTATTGGTGG,PAM_2019522,2L,9816916,9816939,CTTAGTTGTTGTCTTCTTGGTGG,CTTAGTTGTTGTCTTCTTGG,GG,CTTAGTTGTTGTCTTATTGG,1.0,1,9816927.5,440,2,10063454.711211987
2868178,PAM_2019522_8,CTTAGTTGTTGTCTTATTGGTGG,PAM_2019522,2L,9816916,9816939,CTTAGTTGTTGTCTTCTTGGTGG,CTTAGTTGTTGTCTTCTTGG,GG,CTTAGTTGTTGTCTTATTGG,1.0,1,9816927.5,441,2,10040736.763525164
2868179,PAM_2019522_9,CTTAGTTGTTGTCTTATTGGTGG,PAM_2019522,2L,9816286,9816309,CTTAGTTGTTGTCTTCTTGGTGG,CTTAGTTGTTGTCTTCTTGG,GG,CTTAGTTGTTGTCTTATTGG,1.0,1,9816297.5,440,2,10062825.092853295
2868180,PAM_2019522_9,CTTAGTTGTTGTCTTATTGGTGG,PAM_2019522,2L,9816286,9816309,CTTAGTTGTTGTCTTCTTGGTGG,CTTAGTTGTTGTCTTCTTGG,GG,CTTAGTTGTTGTCTTATTGG,1.0,1,9816297.5,441,2,10040108.603087703
2868232,PAM_2019570_1,CTGTTTCTGCTGTTGTCTCATGG,PAM_2019570,2L,9818949,9818972,CTGTTTCTGCTGTTGTCTCATGG,CTGTTTCTGCTGTTGTCTCA,GG,CTGTTTCTGCTGTTGTCTCA,1.0,0,9818960.5,440,2,9992010.19331504
2868233,PAM_2019570_1,CTGTTTCTGCTGTTGTCTCATGG,PAM_2019570,2L,9818949,9818972,CTGTTTCTGCTGTTGTCTCATGG,CTGTTTCTGCTGTTGTCTCA,GG,CTGTTTCTGCTGTTGTCTCA,1.0,0,9818960.5,441,2,9969287.540939542
2868234,PAM_2019570_2,CTGTTTCTGCTGTTGTCTCATGG,PAM_2019570,2L,9817959,9817982,CTGGTTCTGCTGTTGTCTCATGG,CTGGTTCTGCTGTTGTCTCA,GG,CTGTTTCTGCTGTTGTCTCA,0.363636364,1,9817970.5,440,2,9991020.793037094
2868235,PAM_2019570_2,CTGTTTCTGCTGTTGTCTCATGG,PAM_2019570,2L,9817959,9817982,CTGGTTCTGCTGTTGTCTCATGG,CTGGTTCTGCTGTTGTCTCA,GG,CTGTTTCTGCTGTTGTCTCA,0.363636364,1,9817970.5,441,2,9968300.431680676
2868236,PAM_2019570_3,CTGTTTCTGCTGTTGTCTCATGG,PAM_2019570,2L,9819924,9819947,CTGGTTCTGCTGTTGTCTCATGG,CTGGTTCTGCTGTTGTCTCA,GG,CTGTTTCTGCTGTTGTCTCA,0.363636364,1,9819935.5,440,2,9992984.602679685
2868237,PAM_2019570_3,CTGTTTCTGCTGTTGTCTCATGG,PAM_2019570,2L,9819924,9819947,CTGGTTCTGCTGTTGTCTCATGG,CTGGTTCTGCTGTTGTCTCA,GG,CTGTTTCTGCTGTTGTCTCA,0.363636364,1,9819935.5,441,2,9970259.693997515
2868238,PAM_2019570_4,CTGTTTCTGCTGTTGTCTCATGG,PAM_2019570,2L,9819729,9819752,CTGGTTCTGCTGTTGTCTCATGG,CTGGTTCTGCTGTTGTCTCA,GG,CTGTTTCTGCTGTTGTCTCA,0.363636364,1,9819740.5,440,2,9992789.720806755
2868239,PAM_2019570_4,CTGTTTCTGCTGTTGTCTCATGG,PAM_2019570,2L,9819729,9819752,CTGGTTCTGCTGTTGTCTCATGG,CTGGTTCTGCTGTTGTCTCA,GG,CTGTTTCTGCTGTTGTCTCA,0.363636364,1,9819740.5,441,2,9970065.26338592
2868240,PAM_2019570_5,CTGTTTCTGCTGTTGTCTCATGG,PAM_2019570,2L,9819339,9819362,CTGGTTCTGCTGTTGTCTCATGG,CTGGTTCTGCTGTTGTCTCA,GG,CTGTTTCTGCTGTTGTCTCA,0.363636364,1,9819350.5,440,2,9992399.957060898
2868241,PAM_2019570_5,CTGTTTCTGCTGTTGTCTCATGG,PAM_2019570,2L,9819339,9819362,CTGGTTCTGCTGTTGTCTCATGG,CTGGTTCTGCTGTTGTCTCA,GG,CTGTTTCTGCTGTTGTCTCA,0.363636364,1,9819350.5,441,2,9969676.40216273
2868242,PAM_2019570_6,CTGTTTCTGCTGTTGTCTCATGG,PAM_2019570,2L,9819534,9819557,CTGGTTCTGCTGTTGTCTCATGG,CTGGTTCTGCTGTTGTCTCA,GG,CTGTTTCTGCTGTTGTCTCA,0.363636364,1,9819545.5,440,2,9992594.838933827
2868243,PAM_2019570_6,CTGTTTCTGCTGTTGTCTCATGG,PAM_2019570,2L,9819534,9819557,CTGGTTCTGCTGTTGTCTCATGG,CTGGTTCTGCTGTTGTCTCA,GG,CTGTTTCTGCTGTTGTCTCA,0.363636364,1,9819545.5,441,2,9969870.832774324
2868244,PAM_2019570_7,CTGTTTCTGCTGTTGTCTCATGG,PAM_2019570,2L,9819144,9819167,CTGGTTCTGCTGTTGTCTCATGG,CTGGTTCTGCTGTTGTCTCA,GG,CTGTTTCTGCTGTTGTCTCA,0.363636364,1,9819155.5,440,2,9992205.07518797
2868245,PAM_2019570_7,CTGTTTCTGCTGTTGTCTCATGG,PAM_2019570,2L,9819144,9819167,CTGGTTCTGCTGTTGTCTCATGG,CTGGTTCTGCTGTTGTCTCA,GG,CTGTTTCTGCTGTTGTCTCA,0.363636364,1,9819155.5,441,2,9969481.971551135
2868246,PAM_2019570_8,CTGTTTCTGCTGTTGTCTCATGG,PAM_2019570,2L,9818559,9818582,CTGGTTCTGCTGTTGTCTCATGG,CTGGTTCTGCTGTTGTCTCA,GG,CTGTTTCTGCTGTTGTCTCA,0.363636364,1,9818570.5,440,2,9991620.429569183
2868247,PAM_2019570_8,CTGTTTCTGCTGTTGTCTCATGG,PAM_2019570,2L,9818559,9818582,CTGGTTCTGCTGTTGTCTCATGG,CTGGTTCTGCTGTTGTCTCA,GG,CTGTTTCTGCTGTTGTCTCA,0.363636364,1,9818570.5,441,2,9968898.67971635
2868248,PAM_2019570_9,CTGTTTCTGCTGTTGTCTCATGG,PAM_2019570,2L,9818754,9818777,CTGGTTCTGCTGTTGTCTCATGG,CTGGTTCTGCTGTTGTCTCA,GG,CTGTTTCTGCTGTTGTCTCA,0.363636364,1,9818765.5,440,2,9991815.311442113
2868249,PAM_2019570_9,CTGTTTCTGCTGTTGTCTCATGG,PAM_2019570,2L,9818754,9818777,CTGGTTCTGCTGTTGTCTCATGG,CTGGTTCTGCTGTTGTCTCA,GG,CTGTTTCTGCTGTTGTCTCA,0.363636364,1,9818765.5,441,2,9969093.110327946
2868251,PAM_2019583_1,CTCATGGGTTTTTGTCTTACTGG,PAM_2019583,2L,9819550,9819573,CTCATGGGTTTTTGTCTTACTGG,CTCATGGGTTTTTGTCTTAC,GG,CTCATGGGTTTTTGTCTTAC,1.0,0,9819561.5,440,2,9998657.408996614
2868252,PAM_2019583_1,CTCATGGGTTTTTGTCTTACTGG,PAM_2019583,2L,9819550,9819573,CTCATGGGTTTTTGTCTTACTGG,CTCATGGGTTTTTGTCTTAC,GG,CTCATGGGTTTTTGTCTTAC,1.0,0,9819561.5,441,2,9975933.365810541
2868253,PAM_2019583_2,CTCATGGGTTTTTGTCTTACTGG,PAM_2019583,2L,9819160,9819183,CTCATGGGTTTTTGTCTTACTGG,CTCATGGGTTTTTGTCTTAC,GG,CTCATGGGTTTTTGTCTTAC,1.0,0,9819171.5,440,2,9998267.645250756
2868254,PAM_2019583_2,CTCATGGGTTTTTGTCTTACTGG,PAM_2019583,2L,9819160,9819183,CTCATGGGTTTTTGTCTTACTGG,CTCATGGGTTTTTGTCTTAC,GG,CTCATGGGTTTTTGTCTTAC,1.0,0,9819171.5,441,2,9975544.504587352
2868255,PAM_2019583_3,CTCATGGGTTTTTGTCTTACTGG,PAM_2019583,2L,9819940,9819963,CTCATGGGTTGTTGTCTTACTGG,CTCATGGGTTGTTGTCTTAC,GG,CTCATGGGTTTTTGTCTTAC,0.384615385,1,9819951.5,440,2,9999047.172742473
2868256,PAM_2019583_3,CTCATGGGTTTTTGTCTTACTGG,PAM_2019583,2L,9819940,9819963,CTCATGGGTTGTTGTCTTACTGG,CTCATGGGTTGTTGTCTTAC,GG,CTCATGGGTTTTTGTCTTAC,0.384615385,1,9819951.5,441,2,9976322.22703373
2868257,PAM_2019583_4,CTCATGGGTTTTTGTCTTACTGG,PAM_2019583,2L,9819745,9819768,CTCATGGGTTGTTGTCTTACTGG,CTCATGGGTTGTTGTCTTAC,GG,CTCATGGGTTTTTGTCTTAC,0.384615385,1,9819756.5,440,2,9998852.290869543
2868258,PAM_2019583_4,CTCATGGGTTTTTGTCTTACTGG,PAM_2019583,2L,9819745,9819768,CTCATGGGTTGTTGTCTTACTGG,CTCATGGGTTGTTGTCTTAC,GG,CTCATGGGTTTTTGTCTTAC,0.384615385,1,9819756.5,441,2,9976127.796422137
2868259,PAM_2019583_5,CTCATGGGTTTTTGTCTTACTGG,PAM_2019583,2L,9819355,9819378,CTCATGGGTTGTTGTCTTACTGG,CTCATGGGTTGTTGTCTTAC,GG,CTCATGGGTTTTTGTCTTAC,0.384615385,1,9819366.5,440,2,9998462.527123686
2868260,PAM_2019583_5,CTCATGGGTTTTTGTCTTACTGG,PAM_2019583,2L,9819355,9819378,CTCATGGGTTGTTGTCTTACTGG,CTCATGGGTTGTTGTCTTAC,GG,CTCATGGGTTTTTGTCTTAC,0.384615385,1,9819366.5,441,2,9975738.935198948
2868261,PAM_2019583_6,CTCATGGGTTTTTGTCTTACTGG,PAM_2019583,2L,9818965,9818988,CTCATGGGTTGTTGTCTTACTGG,CTCATGGGTTGTTGTCTTAC,GG,CTCATGGGTTTTTGTCTTAC,0.384615385,1,9818976.5,440,2,9998072.763377829
2868262,PAM_2019583_6,CTCATGGGTTTTTGTCTTACTGG,PAM_2019583,2L,9818965,9818988,CTCATGGGTTGTTGTCTTACTGG,CTCATGGGTTGTTGTCTTAC,GG,CTCATGGGTTTTTGTCTTAC,0.384615385,1,9818976.5,441,2,9975350.073975757
2868263,PAM_2019583_7,CTCATGGGTTTTTGTCTTACTGG,PAM_2019583,2L,9818575,9818598,CTCATGGGTTGTTGTCTTACTGG,CTCATGGGTTGTTGTCTTAC,GG,CTCATGGGTTTTTGTCTTAC,0.384615385,1,9818586.5,440,2,9997682.999631971
2868264,PAM_2019583_7,CTCATGGGTTTTTGTCTTACTGG,PAM_2019583,2L,9818575,9818598,CTCATGGGTTGTTGTCTTACTGG,CTCATGGGTTGTTGTCTTAC,GG,CTCATGGGTTTTTGTCTTAC,0.384615385,1,9818586.5,441,2,9974961.212752568
2868265,PAM_2019583_8,CTCATGGGTTTTTGTCTTACTGG,PAM_2019583,2L,9818770,9818793,CTCATGGGTTGTTGTCTTACTGG,CTCATGGGTTGTTGTCTTAC,GG,CTCATGGGTTTTTGTCTTAC,0.384615385,1,9818781.5,440,2,9997877.881504899
2868266,PAM_2019583_8,CTCATGGGTTTTTGTCTTACTGG,PAM_2019583,2L,9818770,9818793,CTCATGGGTTGTTGTCTTACTGG,CTCATGGGTTGTTGTCTTAC,GG,CTCATGGGTTTTTGTCTTAC,0.384615385,1,9818781.5,441,2,9975155.643364163
2868267,PAM_2019583_9,CTCATGGGTTTTTGTCTTACTGG,PAM_2019583,2L,9817975,9817998,CTCATGGGTTGTTGTCTTACTGG,CTCATGGGTTGTTGTCTTAC,GG,CTCATGGGTTTTTGTCTTAC,0.384615385,1,9817986.5,440,2,9997083.363099882
2868268,PAM_2019583_9,CTCATGGGTTTTTGTCTTACTGG,PAM_2019583,2L,9817975,9817998,CTCATGGGTTGTTGTCTTACTGG,CTCATGGGTTGTTGTCTTAC,GG,CTCATGGGTTTTTGTCTTAC,0.384615385,1,9817986.5,441,2,9974362.96471689
3279974,PAM_2302317_2,ACAAATGTCTTGCGAGTAGTTGG,PAM_2302317,2L,9815996,9816019,GTAGATGTCTTGCGAGTAGTTGG,GTAGATGTCTTGCGAGTAGT,GG,ACAAATGTCTTGCGAGTAGT,0.6942857141700001,3,9816007.5,440,2,10094130.721503971
3279975,PAM_2302317_2,ACAAATGTCTTGCGAGTAGTTGG,PAM_2302317,2L,9815996,9816019,GTAGATGTCTTGCGAGTAGTTGG,GTAGATGTCTTGCGAGTAGT,GG,ACAAATGTCTTGCGAGTAGT,0.6942857141700001,3,9816007.5,441,2,10071414.90284498
3651960,PAM_2561197_3,GTTGTCGTCTTCTTGGTCTTTGG,PAM_2561197,2L,9816710,9816733,GTTGTTGTCTTCTTGGTGGTTGG,GTTGTTGTCTTCTTGGTGGT,GG,GTTGTCGTCTTCTTGGTCTT,0.2886002886002886,3,9816721.5,440,2,18952160.570023663
3651961,PAM_2561197_3,GTTGTCGTCTTCTTGGTCTTTGG,PAM_2561197,2L,9816710,9816733,GTTGTTGTCTTCTTGGTGGTTGG,GTTGTTGTCTTCTTGGTGGT,GG,GTTGTCGTCTTCTTGGTCTT,0.2886002886002886,3,9816721.5,441,2,18929443.09905394
3651962,PAM_2561197_4,GTTGTCGTCTTCTTGGTCTTTGG,PAM_2561197,2L,9816080,9816103,GTTGTTGTCTTCTTGGTGGTTGG,GTTGTTGTCTTCTTGGTGGT,GG,GTTGTCGTCTTCTTGGTCTT,0.2886002886002886,3,9816091.5,440,2,18951530.951664973
3651963,PAM_2561197_4,GTTGTCGTCTTCTTGGTCTTTGG,PAM_2561197,2L,9816080,9816103,GTTGTTGTCTTCTTGGTGGTTGG,GTTGTTGTCTTCTTGGTGGT,GG,GTTGTCGTCTTCTTGGTCTT,0.2886002886002886,3,9816091.5,441,2,18928814.938616484
3651964,PAM_2561197_5,GTTGTCGTCTTCTTGGTCTTTGG,PAM_2561197,2L,9816920,9816943,GTTGTTGTCTTCTTGGTGGTTGG,GTTGTTGTCTTCTTGGTGGT,GG,GTTGTCGTCTTCTTGGTCTT,0.2886002886002886,3,9816931.5,440,2,18952370.442809895
3651965,PAM_2561197_5,GTTGTCGTCTTCTTGGTCTTTGG,PAM_2561197,2L,9816920,9816943,GTTGTTGTCTTCTTGGTGGTTGG,GTTGTTGTCTTCTTGGTGGT,GG,GTTGTCGTCTTCTTGGTCTT,0.2886002886002886,3,9816931.5,441,2,18929652.485866427
3651966,PAM_2561197_6,GTTGTCGTCTTCTTGGTCTTTGG,PAM_2561197,2L,9816290,9816313,GTTGTTGTCTTCTTGGTGGTTGG,GTTGTTGTCTTCTTGGTGGT,GG,GTTGTCGTCTTCTTGGTCTT,0.2886002886002886,3,9816301.5,440,2,18951740.8244512
3651967,PAM_2561197_6,GTTGTCGTCTTCTTGGTCTTTGG,PAM_2561197,2L,9816290,9816313,GTTGTTGTCTTCTTGGTGGTTGG,GTTGTTGTCTTCTTGGTGGT,GG,GTTGTCGTCTTCTTGGTCTT,0.2886002886002886,3,9816301.5,441,2,18929024.32542897
3651968,PAM_2561197_7,GTTGTCGTCTTCTTGGTCTTTGG,PAM_2561197,2L,9816500,9816523,GTTGTTGTCTTCTTGGTGGTTGG,GTTGTTGTCTTCTTGGTGGT,GG,GTTGTCGTCTTCTTGGTCTT,0.2886002886002886,3,9816511.5,440,2,18951950.697237432
3651969,PAM_2561197_7,GTTGTCGTCTTCTTGGTCTTTGG,PAM_2561197,2L,9816500,9816523,GTTGTTGTCTTCTTGGTGGTTGG,GTTGTTGTCTTCTTGGTGGT,GG,GTTGTCGTCTTCTTGGTCTT,0.2886002886002886,3,9816511.5,441,2,18929233.712241456
3651970,PAM_2561197_8,GTTGTCGTCTTCTTGGTCTTTGG,PAM_2561197,2L,9817130,9817153,GTTGTTGTCTTCTTGGTGGTTGG,GTTGTTGTCTTCTTGGTGGT,GG,GTTGTCGTCTTCTTGGTCTT,0.2886002886002886,3,9817141.5,440,2,18952580.315596126
3651971,PAM_2561197_8,GTTGTCGTCTTCTTGGTCTTTGG,PAM_2561197,2L,9817130,9817153,GTTGTTGTCTTCTTGGTGGTTGG,GTTGTTGTCTTCTTGGTGGT,GG,GTTGTCGTCTTCTTGGTCTT,0.2886002886002886,3,9817141.5,441,2,18929861.872678917
3651972,PAM_2561197_9,GTTGTCGTCTTCTTGGTCTTTGG,PAM_2561197,2L,9817340,9817363,GTTGTTGTCTTCTTGGTGGTTGG,GTTGTTGTCTTCTTGGTGGT,GG,GTTGTCGTCTTCTTGGTCTT,0.2886002886002886,3,9817351.5,440,2,18952790.188382357
3651973,PAM_2561197_9,GTTGTCGTCTTCTTGGTCTTTGG,PAM_2561197,2L,9817340,9817363,GTTGTTGTCTTCTTGGTGGTTGG,GTTGTTGTCTTCTTGGTGGT,GG,GTTGTCGTCTTCTTGGTCTT,0.2886002886002886,3,9817351.5,441,2,18930071.259491403
4038373,PAM_2868758_1,CGGTTCGGTTTTCCTGGCCGTGG,PAM_2868758,2L,9792030,9792053,CGGTTCGGTTTTCCTGGCCGTGG,CGGTTCGGTTTTCCTGGCCG,GG,CGGTTCGGTTTTCCTGGCCG,1.0,0,9792041.5,439,2,9959847.545266273
4038374,PAM_2868758_1,CGGTTCGGTTTTCCTGGCCGTGG,PAM_2868758,2L,9792030,9792053,CGGTTCGGTTTTCCTGGCCGTGG,CGGTTCGGTTTTCCTGGCCG,GG,CGGTTCGGTTTTCCTGGCCG,1.0,0,9792041.5,440,2,10052415.54955062
4038375,PAM_2868759_1,CAGACTCGGTTCGGTTTTCCTGG,PAM_2868759,2L,9792036,9792059,CAGACTCGGTTCGGTTTTCCTGG,CAGACTCGGTTCGGTTTTCC,GG,CAGACTCGGTTCGGTTTTCC,1.0,0,9792047.5,439,2,9959853.484911242
4038376,PAM_2868759_1,CAGACTCGGTTCGGTTTTCCTGG,PAM_2868759,2L,9792036,9792059,CAGACTCGGTTCGGTTTTCCTGG,CAGACTCGGTTCGGTTTTCC,GG,CAGACTCGGTTCGGTTTTCC,1.0,0,9792047.5,440,2,10052421.54591594
4038377,PAM_2868760_1,ATATCGTGGCAGACTCGGTTCGG,PAM_2868760,2L,9792045,9792068,ATATCGTGGCAGACTCGGTTCGG,ATATCGTGGCAGACTCGGTT,GG,ATATCGTGGCAGACTCGGTT,1.0,0,9792056.5,439,2,9959862.394378697
4038378,PAM_2868760_1,ATATCGTGGCAGACTCGGTTCGG,PAM_2868760,2L,9792045,9792068,ATATCGTGGCAGACTCGGTTCGG,ATATCGTGGCAGACTCGGTT,GG,ATATCGTGGCAGACTCGGTT,1.0,0,9792056.5,440,2,10052430.540463923
4038460,PAM_2868712_1,AAAGACTATGCAATGGAAATGGG,PAM_2868712,2L,9790346,9790369,AAAGACTATGCAATGGAAATGGG,AAAGACTATGCAATGGAAAT,GG,AAAGACTATGCAATGGAAAT,1.0,0,9790357.5,439,2,9651081.449511826
4038461,PAM_2868712_1,AAAGACTATGCAATGGAAATGGG,PAM_2868712,2L,9790346,9790369,AAAGACTATGCAATGGAAATGGG,AAAGACTATGCAATGGAAAT,GG,AAAGACTATGCAATGGAAAT,1.0,0,9790357.5,438,2,9952701.46887696
4038462,PAM_2868713_1,GAAAGACTATGCAATGGAAATGG,PAM_2868713,2L,9790347,9790370,GAAAGACTATGCAATGGAAATGG,GAAAGACTATGCAATGGAAA,GG,GAAAGACTATGCAATGGAAA,1.0,0,9790358.5,439,2,9651082.439452654
4038463,PAM_2868713_1,GAAAGACTATGCAATGGAAATGG,PAM_2868713,2L,9790347,9790370,GAAAGACTATGCAATGGAAATGG,GAAAGACTATGCAATGGAAA,GG,GAAAGACTATGCAATGGAAA,1.0,0,9790358.5,438,2,9952702.489625653
4038464,PAM_2868714_1,GCTTGAGAAAGACTATGCAATGG,PAM_2868714,2L,9790353,9790376,GCTTGAGAAAGACTATGCAATGG,GCTTGAGAAAGACTATGCAA,GG,GCTTGAGAAAGACTATGCAA,1.0,0,9790364.5,439,2,9651088.379097626
4038465,PAM_2868714_1,GCTTGAGAAAGACTATGCAATGG,PAM_2868714,2L,9790353,9790376,GCTTGAGAAAGACTATGCAATGG,GCTTGAGAAAGACTATGCAA,GG,GCTTGAGAAAGACTATGCAA,1.0,0,9790364.5,438,2,9952708.614117818
4039207,PAM_2869715_1,AACCAGAGAGCCAACCACTCGGG,PAM_2869715,2L,9815964,9815987,AACCAGAGAGCCAACCACTCGGG,AACCAGAGAGCCAACCACTC,GG,AACCAGAGAGCCAACCACTC,1.0,0,9815975.5,440,2,9989027.0015679
4039208,PAM_2869715_1,AACCAGAGAGCCAACCACTCGGG,PAM_2869715,2L,9815964,9815987,AACCAGAGAGCCAACCACTCGGG,AACCAGAGAGCCAACCACTC,GG,AACCAGAGAGCCAACCACTC,1.0,0,9815975.5,441,2,9966311.256962052
4039210,PAM_2869716_1,CAACCAGAGAGCCAACCACTCGG,PAM_2869716,2L,9815965,9815988,CAACCAGAGAGCCAACCACTCGG,CAACCAGAGAGCCAACCACT,GG,CAACCAGAGAGCCAACCACT,1.0,0,9815976.5,440,2,23107256.67619935
4039211,PAM_2869716_1,CAACCAGAGAGCCAACCACTCGG,PAM_2869716,2L,9815965,9815988,CAACCAGAGAGCCAACCACTCGG,CAACCAGAGAGCCAACCACT,GG,CAACCAGAGAGCCAACCACT,1.0,0,9815976.5,441,2,23084540.929279342
4039482,PAM_2869782_1,CTCGGAAATCATCAACCGCAAGG,PAM_2869782,2L,9819244,9819267,CTCGGAAATCATCAACCGCAAGG,CTCGGAAATCATCAACCGCA,GG,CTCGGAAATCATCAACCGCA,1.0,0,9819255.5,440,2,9992305.014609985
4039483,PAM_2869782_1,CTCGGAAATCATCAACCGCAAGG,PAM_2869782,2L,9819244,9819267,CTCGGAAATCATCAACCGCAAGG,CTCGGAAATCATCAACCGCA,GG,CTCGGAAATCATCAACCGCA,1.0,0,9819255.5,441,2,9969581.679557081
4039484,PAM_2869782_2,CTCGGAAATCATCAACCGCAAGG,PAM_2869782,2L,9818659,9818682,CTCGGAAATCATCAACCGCAAGG,CTCGGAAATCATCAACCGCA,GG,CTCGGAAATCATCAACCGCA,1.0,0,9818670.5,440,2,9991720.368991198
4039485,PAM_2869782_2,CTCGGAAATCATCAACCGCAAGG,PAM_2869782,2L,9818659,9818682,CTCGGAAATCATCAACCGCAAGG,CTCGGAAATCATCAACCGCA,GG,CTCGGAAATCATCAACCGCA,1.0,0,9818670.5,441,2,9968998.387722297
4039486,PAM_2869782_3,CTCGGAAATCATCAACCGCAAGG,PAM_2869782,2L,9818854,9818877,CTCGGAAATCATCAACCGCAAGG,CTCGGAAATCATCAACCGCA,GG,CTCGGAAATCATCAACCGCA,1.0,0,9818865.5,440,2,9991915.250864126
4039487,PAM_2869782_3,CTCGGAAATCATCAACCGCAAGG,PAM_2869782,2L,9818854,9818877,CTCGGAAATCATCAACCGCAAGG,CTCGGAAATCATCAACCGCA,GG,CTCGGAAATCATCAACCGCA,1.0,0,9818865.5,441,2,9969192.818333892
4039488,PAM_2869782_4,CTCGGAAATCATCAACCGCAAGG,PAM_2869782,2L,9819634,9819657,CTCGGAAATCATCAACCGCAAGG,CTCGGAAATCATCAACCGCA,GG,CTCGGAAATCATCAACCGCA,1.0,0,9819645.5,440,2,9992694.778355842
4039489,PAM_2869782_4,CTCGGAAATCATCAACCGCAAGG,PAM_2869782,2L,9819634,9819657,CTCGGAAATCATCAACCGCAAGG,CTCGGAAATCATCAACCGCA,GG,CTCGGAAATCATCAACCGCA,1.0,0,9819645.5,441,2,9969970.54078027
4039490,PAM_2869782_5,CTCGGAAATCATCAACCGCAAGG,PAM_2869782,2L,9817864,9817887,CTCGGAAATCATCAACCGCAAAG,CTCGGAAATCATCAACCGCA,AG,CTCGGAAATCATCAACCGCA,0.2592592589999999,1,9817875.5,440,2,9990925.850586182
4039491,PAM_2869782_5,CTCGGAAATCATCAACCGCAAGG,PAM_2869782,2L,9817864,9817887,CTCGGAAATCATCAACCGCAAAG,CTCGGAAATCATCAACCGCA,AG,CTCGGAAATCATCAACCGCA,0.2592592589999999,1,9817875.5,441,2,9968205.709075026
4039492,PAM_2869782_6,CTCGGAAATCATCAACCGCAAGG,PAM_2869782,2L,9819439,9819462,CTCGGAAATCATCAACCGCAAAG,CTCGGAAATCATCAACCGCA,AG,CTCGGAAATCATCAACCGCA,0.2592592589999999,1,9819450.5,440,2,9992499.896482913
4039493,PAM_2869782_6,CTCGGAAATCATCAACCGCAAGG,PAM_2869782,2L,9819439,9819462,CTCGGAAATCATCAACCGCAAAG,CTCGGAAATCATCAACCGCA,AG,CTCGGAAATCATCAACCGCA,0.2592592589999999,1,9819450.5,441,2,9969776.110168677
4039494,PAM_2869782_7,CTCGGAAATCATCAACCGCAAGG,PAM_2869782,2L,9819049,9819072,CTCGGAAATCATCAACCGCAAAG,CTCGGAAATCATCAACCGCA,AG,CTCGGAAATCATCAACCGCA,0.2592592589999999,1,9819060.5,440,2,9992110.132737055
4039495,PAM_2869782_7,CTCGGAAATCATCAACCGCAAGG,PAM_2869782,2L,9819049,9819072,CTCGGAAATCATCAACCGCAAAG,CTCGGAAATCATCAACCGCA,AG,CTCGGAAATCATCAACCGCA,0.2592592589999999,1,9819060.5,441,2,9969387.248945488
4039496,PAM_2869782_8,CTCGGAAATCATCAACCGCAAGG,PAM_2869782,2L,9820024,9820047,CTCGGAAATCATCAACCGCAAAG,CTCGGAAATCATCAACCGCA,AG,CTCGGAAATCATCAACCGCA,0.2592592589999999,1,9820035.5,440,2,9993084.5421017
4039497,PAM_2869782_8,CTCGGAAATCATCAACCGCAAGG,PAM_2869782,2L,9820024,9820047,CTCGGAAATCATCAACCGCAAAG,CTCGGAAATCATCAACCGCA,AG,CTCGGAAATCATCAACCGCA,0.2592592589999999,1,9820035.5,441,2,9970359.402003461
4039498,PAM_2869782_9,CTCGGAAATCATCAACCGCAAGG,PAM_2869782,2L,9819829,9819852,CTCGGAAATCATCAACCGCAAAG,CTCGGAAATCATCAACCGCA,AG,CTCGGAAATCATCAACCGCA,0.2592592589999999,1,9819840.5,440,2,9992889.66022877
4039499,PAM_2869782_9,CTCGGAAATCATCAACCGCAAGG,PAM_2869782,2L,9819829,9819852,CTCGGAAATCATCAACCGCAAAG,CTCGGAAATCATCAACCGCA,AG,CTCGGAAATCATCAACCGCA,0.2592592589999999,1,9819840.5,441,2,9970164.971391866
4039500,PAM_2869782_10,CTCGGAAATCATCAACCGCAAGG,PAM_2869782,2L,9818464,9818487,CTCGGAAATCATCAACCGCAAAG,CTCGGAAATCATCAACCGCA,AG,CTCGGAAATCATCAACCGCA,0.2592592589999999,1,9818475.5,440,2,9991525.487118268
4039501,PAM_2869782_10,CTCGGAAATCATCAACCGCAAGG,PAM_2869782,2L,9818464,9818487,CTCGGAAATCATCAACCGCAAAG,CTCGGAAATCATCAACCGCA,AG,CTCGGAAATCATCAACCGCA,0.2592592589999999,1,9818475.5,441,2,9968803.957110703
4039502,PAM_2869783_1,TAACTGAAGAACCAACTACTCGG,PAM_2869783,2L,9819067,9819090,TAACTGAAGAACCAACTACTCGG,TAACTGAAGAACCAACTACT,GG,TAACTGAAGAACCAACTACT,1.0,0,9819078.5,440,2,9992128.121833019
4039503,PAM_2869783_1,TAACTGAAGAACCAACTACTCGG,PAM_2869783,2L,9819067,9819090,TAACTGAAGAACCAACTACTCGG,TAACTGAAGAACCAACTACT,GG,TAACTGAAGAACCAACTACT,1.0,0,9819078.5,441,2,9969405.196386557
4039504,PAM_2869783_2,TAACTGAAGAACCAACTACTCGG,PAM_2869783,2L,9818872,9818895,TAACTGAAGAACCAACTACTCGG,TAACTGAAGAACCAACTACT,GG,TAACTGAAGAACCAACTACT,1.0,0,9818883.5,440,2,9991933.23996009
4039505,PAM_2869783_2,TAACTGAAGAACCAACTACTCGG,PAM_2869783,2L,9818872,9818895,TAACTGAAGAACCAACTACTCGG,TAACTGAAGAACCAACTACT,GG,TAACTGAAGAACCAACTACT,1.0,0,9818883.5,441,2,9969210.765774962
4039506,PAM_2869783_3,TAACTGAAGAACCAACTACTCGG,PAM_2869783,2L,9818677,9818700,TAACTGAAGAACCAACTACTCGG,TAACTGAAGAACCAACTACT,GG,TAACTGAAGAACCAACTACT,1.0,0,9818688.5,440,2,9991738.35808716
4039507,PAM_2869783_3,TAACTGAAGAACCAACTACTCGG,PAM_2869783,2L,9818677,9818700,TAACTGAAGAACCAACTACTCGG,TAACTGAAGAACCAACTACT,GG,TAACTGAAGAACCAACTACT,1.0,0,9818688.5,441,2,9969016.335163368
4039508,PAM_2869783_4,TAACTGAAGAACCAACTACTCGG,PAM_2869783,2L,9819652,9819675,TTACTGAAGAACCAACTACTCGG,TTACTGAAGAACCAACTACT,GG,TAACTGAAGAACCAACTACT,0.846153846,1,9819663.5,440,2,9992712.767451804
4039509,PAM_2869783_4,TAACTGAAGAACCAACTACTCGG,PAM_2869783,2L,9819652,9819675,TTACTGAAGAACCAACTACTCGG,TTACTGAAGAACCAACTACT,GG,TAACTGAAGAACCAACTACT,0.846153846,1,9819663.5,441,2,9969988.488221342
4039510,PAM_2869783_5,TAACTGAAGAACCAACTACTCGG,PAM_2869783,2L,9819262,9819285,TTACTGAAGAACCAACTACTCGG,TTACTGAAGAACCAACTACT,GG,TAACTGAAGAACCAACTACT,0.846153846,1,9819273.5,440,2,9992323.003705947
4039511,PAM_2869783_5,TAACTGAAGAACCAACTACTCGG,PAM_2869783,2L,9819262,9819285,TTACTGAAGAACCAACTACTCGG,TTACTGAAGAACCAACTACT,GG,TAACTGAAGAACCAACTACT,0.846153846,1,9819273.5,441,2,9969599.626998153
4039512,PAM_2869783_6,TAACTGAAGAACCAACTACTCGG,PAM_2869783,2L,9819847,9819870,TTACTGAAGAACCAACTACTCGG,TTACTGAAGAACCAACTACT,GG,TAACTGAAGAACCAACTACT,0.846153846,1,9819858.5,440,2,9992907.649324734
4039513,PAM_2869783_6,TAACTGAAGAACCAACTACTCGG,PAM_2869783,2L,9819847,9819870,TTACTGAAGAACCAACTACTCGG,TTACTGAAGAACCAACTACT,GG,TAACTGAAGAACCAACTACT,0.846153846,1,9819858.5,441,2,9970182.918832937
4039514,PAM_2869783_7,TAACTGAAGAACCAACTACTCGG,PAM_2869783,2L,9819457,9819480,TTACTGAAGAACCAACTACTCGG,TTACTGAAGAACCAACTACT,GG,TAACTGAAGAACCAACTACT,0.846153846,1,9819468.5,440,2,9992517.885578876
4039515,PAM_2869783_7,TAACTGAAGAACCAACTACTCGG,PAM_2869783,2L,9819457,9819480,TTACTGAAGAACCAACTACTCGG,TTACTGAAGAACCAACTACT,GG,TAACTGAAGAACCAACTACT,0.846153846,1,9819468.5,441,2,9969794.057609746
4039516,PAM_2869783_8,TAACTGAAGAACCAACTACTCGG,PAM_2869783,2L,9818482,9818505,TTACTGAAGAACCAACTACTCGG,TTACTGAAGAACCAACTACT,GG,TAACTGAAGAACCAACTACT,0.846153846,1,9818493.5,440,2,9991543.476214232
4039517,PAM_2869783_8,TAACTGAAGAACCAACTACTCGG,PAM_2869783,2L,9818482,9818505,TTACTGAAGAACCAACTACTCGG,TTACTGAAGAACCAACTACT,GG,TAACTGAAGAACCAACTACT,0.846153846,1,9818493.5,441,2,9968821.904551772
4039518,PAM_2869783_9,TAACTGAAGAACCAACTACTCGG,PAM_2869783,2L,9817882,9817905,TTACTGAAGAACCAACTACTCGG,TTACTGAAGAACCAACTACT,GG,TAACTGAAGAACCAACTACT,0.846153846,1,9817893.5,440,2,9990943.839682143
4039519,PAM_2869783_9,TAACTGAAGAACCAACTACTCGG,PAM_2869783,2L,9817882,9817905,TTACTGAAGAACCAACTACTCGG,TTACTGAAGAACCAACTACT,GG,TAACTGAAGAACCAACTACT,0.846153846,1,9817893.5,441,2,9968223.656516096
4039520,PAM_2869783_10,TAACTGAAGAACCAACTACTCGG,PAM_2869783,2L,9820042,9820065,CCACCGAAGAACCAACTACTCGG,CCACCGAAGAACCAACTACT,GG,TAACTGAAGAACCAACTACT,0.4628099169173554,3,9820053.5,440,2,9993102.531197662
4039521,PAM_2869783_10,TAACTGAAGAACCAACTACTCGG,PAM_2869783,2L,9820042,9820065,CCACCGAAGAACCAACTACTCGG,CCACCGAAGAACCAACTACT,GG,TAACTGAAGAACCAACTACT,0.4628099169173554,3,9820053.5,441,2,9970377.34944453
4039522,PAM_2869788_1,TAACTGAAGAACCAACTACTCGG,PAM_2869788,2L,9818677,9818700,TAACTGAAGAACCAACTACTCGG,TAACTGAAGAACCAACTACT,GG,TAACTGAAGAACCAACTACT,1.0,0,9818688.5,440,2,9991738.35808716
4039523,PAM_2869788_1,TAACTGAAGAACCAACTACTCGG,PAM_2869788,2L,9818677,9818700,TAACTGAAGAACCAACTACTCGG,TAACTGAAGAACCAACTACT,GG,TAACTGAAGAACCAACTACT,1.0,0,9818688.5,441,2,9969016.335163368
4039524,PAM_2869788_2,TAACTGAAGAACCAACTACTCGG,PAM_2869788,2L,9819067,9819090,TAACTGAAGAACCAACTACTCGG,TAACTGAAGAACCAACTACT,GG,TAACTGAAGAACCAACTACT,1.0,0,9819078.5,440,2,9992128.121833019
4039525,PAM_2869788_2,TAACTGAAGAACCAACTACTCGG,PAM_2869788,2L,9819067,9819090,TAACTGAAGAACCAACTACTCGG,TAACTGAAGAACCAACTACT,GG,TAACTGAAGAACCAACTACT,1.0,0,9819078.5,441,2,9969405.196386557
4039526,PAM_2869788_3,TAACTGAAGAACCAACTACTCGG,PAM_2869788,2L,9818872,9818895,TAACTGAAGAACCAACTACTCGG,TAACTGAAGAACCAACTACT,GG,TAACTGAAGAACCAACTACT,1.0,0,9818883.5,440,2,9991933.23996009
4039527,PAM_2869788_3,TAACTGAAGAACCAACTACTCGG,PAM_2869788,2L,9818872,9818895,TAACTGAAGAACCAACTACTCGG,TAACTGAAGAACCAACTACT,GG,TAACTGAAGAACCAACTACT,1.0,0,9818883.5,441,2,9969210.765774962
4039528,PAM_2869788_4,TAACTGAAGAACCAACTACTCGG,PAM_2869788,2L,9817882,9817905,TTACTGAAGAACCAACTACTCGG,TTACTGAAGAACCAACTACT,GG,TAACTGAAGAACCAACTACT,0.846153846,1,9817893.5,440,2,9990943.839682143
4039529,PAM_2869788_4,TAACTGAAGAACCAACTACTCGG,PAM_2869788,2L,9817882,9817905,TTACTGAAGAACCAACTACTCGG,TTACTGAAGAACCAACTACT,GG,TAACTGAAGAACCAACTACT,0.846153846,1,9817893.5,441,2,9968223.656516096
4039530,PAM_2869788_5,TAACTGAAGAACCAACTACTCGG,PAM_2869788,2L,9819652,9819675,TTACTGAAGAACCAACTACTCGG,TTACTGAAGAACCAACTACT,GG,TAACTGAAGAACCAACTACT,0.846153846,1,9819663.5,440,2,9992712.767451804
4039531,PAM_2869788_5,TAACTGAAGAACCAACTACTCGG,PAM_2869788,2L,9819652,9819675,TTACTGAAGAACCAACTACTCGG,TTACTGAAGAACCAACTACT,GG,TAACTGAAGAACCAACTACT,0.846153846,1,9819663.5,441,2,9969988.488221342
4039532,PAM_2869788_6,TAACTGAAGAACCAACTACTCGG,PAM_2869788,2L,9819262,9819285,TTACTGAAGAACCAACTACTCGG,TTACTGAAGAACCAACTACT,GG,TAACTGAAGAACCAACTACT,0.846153846,1,9819273.5,440,2,9992323.003705947
4039533,PAM_2869788_6,TAACTGAAGAACCAACTACTCGG,PAM_2869788,2L,9819262,9819285,TTACTGAAGAACCAACTACTCGG,TTACTGAAGAACCAACTACT,GG,TAACTGAAGAACCAACTACT,0.846153846,1,9819273.5,441,2,9969599.626998153
4039534,PAM_2869788_7,TAACTGAAGAACCAACTACTCGG,PAM_2869788,2L,9819847,9819870,TTACTGAAGAACCAACTACTCGG,TTACTGAAGAACCAACTACT,GG,TAACTGAAGAACCAACTACT,0.846153846,1,9819858.5,440,2,9992907.649324734
4039535,PAM_2869788_7,TAACTGAAGAACCAACTACTCGG,PAM_2869788,2L,9819847,9819870,TTACTGAAGAACCAACTACTCGG,TTACTGAAGAACCAACTACT,GG,TAACTGAAGAACCAACTACT,0.846153846,1,9819858.5,441,2,9970182.918832937
4039536,PAM_2869788_8,TAACTGAAGAACCAACTACTCGG,PAM_2869788,2L,9819457,9819480,TTACTGAAGAACCAACTACTCGG,TTACTGAAGAACCAACTACT,GG,TAACTGAAGAACCAACTACT,0.846153846,1,9819468.5,440,2,9992517.885578876
4039537,PAM_2869788_8,TAACTGAAGAACCAACTACTCGG,PAM_2869788,2L,9819457,9819480,TTACTGAAGAACCAACTACTCGG,TTACTGAAGAACCAACTACT,GG,TAACTGAAGAACCAACTACT,0.846153846,1,9819468.5,441,2,9969794.057609746
4039538,PAM_2869788_9,TAACTGAAGAACCAACTACTCGG,PAM_2869788,2L,9818482,9818505,TTACTGAAGAACCAACTACTCGG,TTACTGAAGAACCAACTACT,GG,TAACTGAAGAACCAACTACT,0.846153846,1,9818493.5,440,2,9991543.476214232
4039539,PAM_2869788_9,TAACTGAAGAACCAACTACTCGG,PAM_2869788,2L,9818482,9818505,TTACTGAAGAACCAACTACTCGG,TTACTGAAGAACCAACTACT,GG,TAACTGAAGAACCAACTACT,0.846153846,1,9818493.5,441,2,9968821.904551772
4039540,PAM_2869788_10,TAACTGAAGAACCAACTACTCGG,PAM_2869788,2L,9820042,9820065,CCACCGAAGAACCAACTACTCGG,CCACCGAAGAACCAACTACT,GG,TAACTGAAGAACCAACTACT,0.4628099169173554,3,9820053.5,440,2,9993102.531197662
4039541,PAM_2869788_10,TAACTGAAGAACCAACTACTCGG,PAM_2869788,2L,9820042,9820065,CCACCGAAGAACCAACTACTCGG,CCACCGAAGAACCAACTACT,GG,TAACTGAAGAACCAACTACT,0.4628099169173554,3,9820053.5,441,2,9970377.34944453
4039577,PAM_2869794_1,CTCGGAAATCATCAACCGCAAGG,PAM_2869794,2L,9819244,9819267,CTCGGAAATCATCAACCGCAAGG,CTCGGAAATCATCAACCGCA,GG,CTCGGAAATCATCAACCGCA,1.0,0,9819255.5,440,2,9992305.014609985
4039578,PAM_2869794_1,CTCGGAAATCATCAACCGCAAGG,PAM_2869794,2L,9819244,9819267,CTCGGAAATCATCAACCGCAAGG,CTCGGAAATCATCAACCGCA,GG,CTCGGAAATCATCAACCGCA,1.0,0,9819255.5,441,2,9969581.679557081
4039579,PAM_2869794_2,CTCGGAAATCATCAACCGCAAGG,PAM_2869794,2L,9818659,9818682,CTCGGAAATCATCAACCGCAAGG,CTCGGAAATCATCAACCGCA,GG,CTCGGAAATCATCAACCGCA,1.0,0,9818670.5,440,2,9991720.368991198
4039580,PAM_2869794_2,CTCGGAAATCATCAACCGCAAGG,PAM_2869794,2L,9818659,9818682,CTCGGAAATCATCAACCGCAAGG,CTCGGAAATCATCAACCGCA,GG,CTCGGAAATCATCAACCGCA,1.0,0,9818670.5,441,2,9968998.387722297
4039581,PAM_2869794_3,CTCGGAAATCATCAACCGCAAGG,PAM_2869794,2L,9818854,9818877,CTCGGAAATCATCAACCGCAAGG,CTCGGAAATCATCAACCGCA,GG,CTCGGAAATCATCAACCGCA,1.0,0,9818865.5,440,2,9991915.250864126
4039582,PAM_2869794_3,CTCGGAAATCATCAACCGCAAGG,PAM_2869794,2L,9818854,9818877,CTCGGAAATCATCAACCGCAAGG,CTCGGAAATCATCAACCGCA,GG,CTCGGAAATCATCAACCGCA,1.0,0,9818865.5,441,2,9969192.818333892
4039583,PAM_2869794_4,CTCGGAAATCATCAACCGCAAGG,PAM_2869794,2L,9819634,9819657,CTCGGAAATCATCAACCGCAAGG,CTCGGAAATCATCAACCGCA,GG,CTCGGAAATCATCAACCGCA,1.0,0,9819645.5,440,2,9992694.778355842
4039584,PAM_2869794_4,CTCGGAAATCATCAACCGCAAGG,PAM_2869794,2L,9819634,9819657,CTCGGAAATCATCAACCGCAAGG,CTCGGAAATCATCAACCGCA,GG,CTCGGAAATCATCAACCGCA,1.0,0,9819645.5,441,2,9969970.54078027
4039585,PAM_2869794_5,CTCGGAAATCATCAACCGCAAGG,PAM_2869794,2L,9819049,9819072,CTCGGAAATCATCAACCGCAAAG,CTCGGAAATCATCAACCGCA,AG,CTCGGAAATCATCAACCGCA,0.2592592589999999,1,9819060.5,440,2,9992110.132737055
4039586,PAM_2869794_5,CTCGGAAATCATCAACCGCAAGG,PAM_2869794,2L,9819049,9819072,CTCGGAAATCATCAACCGCAAAG,CTCGGAAATCATCAACCGCA,AG,CTCGGAAATCATCAACCGCA,0.2592592589999999,1,9819060.5,441,2,9969387.248945488
4039587,PAM_2869794_6,CTCGGAAATCATCAACCGCAAGG,PAM_2869794,2L,9820024,9820047,CTCGGAAATCATCAACCGCAAAG,CTCGGAAATCATCAACCGCA,AG,CTCGGAAATCATCAACCGCA,0.2592592589999999,1,9820035.5,440,2,9993084.5421017
4039588,PAM_2869794_6,CTCGGAAATCATCAACCGCAAGG,PAM_2869794,2L,9820024,9820047,CTCGGAAATCATCAACCGCAAAG,CTCGGAAATCATCAACCGCA,AG,CTCGGAAATCATCAACCGCA,0.2592592589999999,1,9820035.5,441,2,9970359.402003461
4039589,PAM_2869794_7,CTCGGAAATCATCAACCGCAAGG,PAM_2869794,2L,9819829,9819852,CTCGGAAATCATCAACCGCAAAG,CTCGGAAATCATCAACCGCA,AG,CTCGGAAATCATCAACCGCA,0.2592592589999999,1,9819840.5,440,2,9992889.66022877
4039590,PAM_2869794_7,CTCGGAAATCATCAACCGCAAGG,PAM_2869794,2L,9819829,9819852,CTCGGAAATCATCAACCGCAAAG,CTCGGAAATCATCAACCGCA,AG,CTCGGAAATCATCAACCGCA,0.2592592589999999,1,9819840.5,441,2,9970164.971391866
4039591,PAM_2869794_8,CTCGGAAATCATCAACCGCAAGG,PAM_2869794,2L,9818464,9818487,CTCGGAAATCATCAACCGCAAAG,CTCGGAAATCATCAACCGCA,AG,CTCGGAAATCATCAACCGCA,0.2592592589999999,1,9818475.5,440,2,9991525.487118268
4039592,PAM_2869794_8,CTCGGAAATCATCAACCGCAAGG,PAM_2869794,2L,9818464,9818487,CTCGGAAATCATCAACCGCAAAG,CTCGGAAATCATCAACCGCA,AG,CTCGGAAATCATCAACCGCA,0.2592592589999999,1,9818475.5,441,2,9968803.957110703
4039593,PAM_2869794_9,CTCGGAAATCATCAACCGCAAGG,PAM_2869794,2L,9817864,9817887,CTCGGAAATCATCAACCGCAAAG,CTCGGAAATCATCAACCGCA,AG,CTCGGAAATCATCAACCGCA,0.2592592589999999,1,9817875.5,440,2,9990925.850586182
4039594,PAM_2869794_9,CTCGGAAATCATCAACCGCAAGG,PAM_2869794,2L,9817864,9817887,CTCGGAAATCATCAACCGCAAAG,CTCGGAAATCATCAACCGCA,AG,CTCGGAAATCATCAACCGCA,0.2592592589999999,1,9817875.5,441,2,9968205.709075026
4039595,PAM_2869794_10,CTCGGAAATCATCAACCGCAAGG,PAM_2869794,2L,9819439,9819462,CTCGGAAATCATCAACCGCAAAG,CTCGGAAATCATCAACCGCA,AG,CTCGGAAATCATCAACCGCA,0.2592592589999999,1,9819450.5,440,2,9992499.896482913
4039596,PAM_2869794_10,CTCGGAAATCATCAACCGCAAGG,PAM_2869794,2L,9819439,9819462,CTCGGAAATCATCAACCGCAAAG,CTCGGAAATCATCAACCGCA,AG,CTCGGAAATCATCAACCGCA,0.2592592589999999,1,9819450.5,441,2,9969776.110168677
4039597,PAM_2869806_1,CTCGGAAATCATCAACCGCAAGG,PAM_2869806,2L,9818854,9818877,CTCGGAAATCATCAACCGCAAGG,CTCGGAAATCATCAACCGCA,GG,CTCGGAAATCATCAACCGCA,1.0,0,9818865.5,440,2,9991915.250864126
4039598,PAM_2869806_1,CTCGGAAATCATCAACCGCAAGG,PAM_2869806,2L,9818854,9818877,CTCGGAAATCATCAACCGCAAGG,CTCGGAAATCATCAACCGCA,GG,CTCGGAAATCATCAACCGCA,1.0,0,9818865.5,441,2,9969192.818333892
4039599,PAM_2869806_2,CTCGGAAATCATCAACCGCAAGG,PAM_2869806,2L,9819634,9819657,CTCGGAAATCATCAACCGCAAGG,CTCGGAAATCATCAACCGCA,GG,CTCGGAAATCATCAACCGCA,1.0,0,9819645.5,440,2,9992694.778355842
4039600,PAM_2869806_2,CTCGGAAATCATCAACCGCAAGG,PAM_2869806,2L,9819634,9819657,CTCGGAAATCATCAACCGCAAGG,CTCGGAAATCATCAACCGCA,GG,CTCGGAAATCATCAACCGCA,1.0,0,9819645.5,441,2,9969970.54078027
4039601,PAM_2869806_3,CTCGGAAATCATCAACCGCAAGG,PAM_2869806,2L,9819244,9819267,CTCGGAAATCATCAACCGCAAGG,CTCGGAAATCATCAACCGCA,GG,CTCGGAAATCATCAACCGCA,1.0,0,9819255.5,440,2,9992305.014609985
4039602,PAM_2869806_3,CTCGGAAATCATCAACCGCAAGG,PAM_2869806,2L,9819244,9819267,CTCGGAAATCATCAACCGCAAGG,CTCGGAAATCATCAACCGCA,GG,CTCGGAAATCATCAACCGCA,1.0,0,9819255.5,441,2,9969581.679557081
4039603,PAM_2869806_4,CTCGGAAATCATCAACCGCAAGG,PAM_2869806,2L,9818659,9818682,CTCGGAAATCATCAACCGCAAGG,CTCGGAAATCATCAACCGCA,GG,CTCGGAAATCATCAACCGCA,1.0,0,9818670.5,440,2,9991720.368991198
4039604,PAM_2869806_4,CTCGGAAATCATCAACCGCAAGG,PAM_2869806,2L,9818659,9818682,CTCGGAAATCATCAACCGCAAGG,CTCGGAAATCATCAACCGCA,GG,CTCGGAAATCATCAACCGCA,1.0,0,9818670.5,441,2,9968998.387722297
4039605,PAM_2869806_5,CTCGGAAATCATCAACCGCAAGG,PAM_2869806,2L,9820024,9820047,CTCGGAAATCATCAACCGCAAAG,CTCGGAAATCATCAACCGCA,AG,CTCGGAAATCATCAACCGCA,0.2592592589999999,1,9820035.5,440,2,9993084.5421017
4039606,PAM_2869806_5,CTCGGAAATCATCAACCGCAAGG,PAM_2869806,2L,9820024,9820047,CTCGGAAATCATCAACCGCAAAG,CTCGGAAATCATCAACCGCA,AG,CTCGGAAATCATCAACCGCA,0.2592592589999999,1,9820035.5,441,2,9970359.402003461
4039607,PAM_2869806_6,CTCGGAAATCATCAACCGCAAGG,PAM_2869806,2L,9819829,9819852,CTCGGAAATCATCAACCGCAAAG,CTCGGAAATCATCAACCGCA,AG,CTCGGAAATCATCAACCGCA,0.2592592589999999,1,9819840.5,440,2,9992889.66022877
4039608,PAM_2869806_6,CTCGGAAATCATCAACCGCAAGG,PAM_2869806,2L,9819829,9819852,CTCGGAAATCATCAACCGCAAAG,CTCGGAAATCATCAACCGCA,AG,CTCGGAAATCATCAACCGCA,0.2592592589999999,1,9819840.5,441,2,9970164.971391866
4039609,PAM_2869806_7,CTCGGAAATCATCAACCGCAAGG,PAM_2869806,2L,9818464,9818487,CTCGGAAATCATCAACCGCAAAG,CTCGGAAATCATCAACCGCA,AG,CTCGGAAATCATCAACCGCA,0.2592592589999999,1,9818475.5,440,2,9991525.487118268
4039610,PAM_2869806_7,CTCGGAAATCATCAACCGCAAGG,PAM_2869806,2L,9818464,9818487,CTCGGAAATCATCAACCGCAAAG,CTCGGAAATCATCAACCGCA,AG,CTCGGAAATCATCAACCGCA,0.2592592589999999,1,9818475.5,441,2,9968803.957110703
4039611,PAM_2869806_8,CTCGGAAATCATCAACCGCAAGG,PAM_2869806,2L,9817864,9817887,CTCGGAAATCATCAACCGCAAAG,CTCGGAAATCATCAACCGCA,AG,CTCGGAAATCATCAACCGCA,0.2592592589999999,1,9817875.5,440,2,9990925.850586182
4039612,PAM_2869806_8,CTCGGAAATCATCAACCGCAAGG,PAM_2869806,2L,9817864,9817887,CTCGGAAATCATCAACCGCAAAG,CTCGGAAATCATCAACCGCA,AG,CTCGGAAATCATCAACCGCA,0.2592592589999999,1,9817875.5,441,2,9968205.709075026
4039613,PAM_2869806_9,CTCGGAAATCATCAACCGCAAGG,PAM_2869806,2L,9819439,9819462,CTCGGAAATCATCAACCGCAAAG,CTCGGAAATCATCAACCGCA,AG,CTCGGAAATCATCAACCGCA,0.2592592589999999,1,9819450.5,440,2,9992499.896482913
4039614,PAM_2869806_9,CTCGGAAATCATCAACCGCAAGG,PAM_2869806,2L,9819439,9819462,CTCGGAAATCATCAACCGCAAAG,CTCGGAAATCATCAACCGCA,AG,CTCGGAAATCATCAACCGCA,0.2592592589999999,1,9819450.5,441,2,9969776.110168677
4039615,PAM_2869806_10,CTCGGAAATCATCAACCGCAAGG,PAM_2869806,2L,9819049,9819072,CTCGGAAATCATCAACCGCAAAG,CTCGGAAATCATCAACCGCA,AG,CTCGGAAATCATCAACCGCA,0.2592592589999999,1,9819060.5,440,2,9992110.132737055
4039616,PAM_2869806_10,CTCGGAAATCATCAACCGCAAGG,PAM_2869806,2L,9819049,9819072,CTCGGAAATCATCAACCGCAAAG,CTCGGAAATCATCAACCGCA,AG,CTCGGAAATCATCAACCGCA,0.2592592589999999,1,9819060.5,441,2,9969387.248945488
4039677,PAM_2869775_1,CTCGGAAATCATCAACCGCAAGG,PAM_2869775,2L,9818659,9818682,CTCGGAAATCATCAACCGCAAGG,CTCGGAAATCATCAACCGCA,GG,CTCGGAAATCATCAACCGCA,1.0,0,9818670.5,440,2,9991720.368991198
4039678,PAM_2869775_1,CTCGGAAATCATCAACCGCAAGG,PAM_2869775,2L,9818659,9818682,CTCGGAAATCATCAACCGCAAGG,CTCGGAAATCATCAACCGCA,GG,CTCGGAAATCATCAACCGCA,1.0,0,9818670.5,441,2,9968998.387722297
4039679,PAM_2869775_2,CTCGGAAATCATCAACCGCAAGG,PAM_2869775,2L,9818854,9818877,CTCGGAAATCATCAACCGCAAGG,CTCGGAAATCATCAACCGCA,GG,CTCGGAAATCATCAACCGCA,1.0,0,9818865.5,440,2,9991915.250864126
4039680,PAM_2869775_2,CTCGGAAATCATCAACCGCAAGG,PAM_2869775,2L,9818854,9818877,CTCGGAAATCATCAACCGCAAGG,CTCGGAAATCATCAACCGCA,GG,CTCGGAAATCATCAACCGCA,1.0,0,9818865.5,441,2,9969192.818333892
4039681,PAM_2869775_3,CTCGGAAATCATCAACCGCAAGG,PAM_2869775,2L,9819634,9819657,CTCGGAAATCATCAACCGCAAGG,CTCGGAAATCATCAACCGCA,GG,CTCGGAAATCATCAACCGCA,1.0,0,9819645.5,440,2,9992694.778355842
4039682,PAM_2869775_3,CTCGGAAATCATCAACCGCAAGG,PAM_2869775,2L,9819634,9819657,CTCGGAAATCATCAACCGCAAGG,CTCGGAAATCATCAACCGCA,GG,CTCGGAAATCATCAACCGCA,1.0,0,9819645.5,441,2,9969970.54078027
4039683,PAM_2869775_4,CTCGGAAATCATCAACCGCAAGG,PAM_2869775,2L,9819244,9819267,CTCGGAAATCATCAACCGCAAGG,CTCGGAAATCATCAACCGCA,GG,CTCGGAAATCATCAACCGCA,1.0,0,9819255.5,440,2,9992305.014609985
4039684,PAM_2869775_4,CTCGGAAATCATCAACCGCAAGG,PAM_2869775,2L,9819244,9819267,CTCGGAAATCATCAACCGCAAGG,CTCGGAAATCATCAACCGCA,GG,CTCGGAAATCATCAACCGCA,1.0,0,9819255.5,441,2,9969581.679557081
4039685,PAM_2869775_5,CTCGGAAATCATCAACCGCAAGG,PAM_2869775,2L,9819439,9819462,CTCGGAAATCATCAACCGCAAAG,CTCGGAAATCATCAACCGCA,AG,CTCGGAAATCATCAACCGCA,0.2592592589999999,1,9819450.5,440,2,9992499.896482913
4039686,PAM_2869775_5,CTCGGAAATCATCAACCGCAAGG,PAM_2869775,2L,9819439,9819462,CTCGGAAATCATCAACCGCAAAG,CTCGGAAATCATCAACCGCA,AG,CTCGGAAATCATCAACCGCA,0.2592592589999999,1,9819450.5,441,2,9969776.110168677
4039687,PAM_2869775_6,CTCGGAAATCATCAACCGCAAGG,PAM_2869775,2L,9819049,9819072,CTCGGAAATCATCAACCGCAAAG,CTCGGAAATCATCAACCGCA,AG,CTCGGAAATCATCAACCGCA,0.2592592589999999,1,9819060.5,440,2,9992110.132737055
4039688,PAM_2869775_6,CTCGGAAATCATCAACCGCAAGG,PAM_2869775,2L,9819049,9819072,CTCGGAAATCATCAACCGCAAAG,CTCGGAAATCATCAACCGCA,AG,CTCGGAAATCATCAACCGCA,0.2592592589999999,1,9819060.5,441,2,9969387.248945488
4039689,PAM_2869775_7,CTCGGAAATCATCAACCGCAAGG,PAM_2869775,2L,9820024,9820047,CTCGGAAATCATCAACCGCAAAG,CTCGGAAATCATCAACCGCA,AG,CTCGGAAATCATCAACCGCA,0.2592592589999999,1,9820035.5,440,2,9993084.5421017
4039690,PAM_2869775_7,CTCGGAAATCATCAACCGCAAGG,PAM_2869775,2L,9820024,9820047,CTCGGAAATCATCAACCGCAAAG,CTCGGAAATCATCAACCGCA,AG,CTCGGAAATCATCAACCGCA,0.2592592589999999,1,9820035.5,441,2,9970359.402003461
4039691,PAM_2869775_8,CTCGGAAATCATCAACCGCAAGG,PAM_2869775,2L,9819829,9819852,CTCGGAAATCATCAACCGCAAAG,CTCGGAAATCATCAACCGCA,AG,CTCGGAAATCATCAACCGCA,0.2592592589999999,1,9819840.5,440,2,9992889.66022877
4039692,PAM_2869775_8,CTCGGAAATCATCAACCGCAAGG,PAM_2869775,2L,9819829,9819852,CTCGGAAATCATCAACCGCAAAG,CTCGGAAATCATCAACCGCA,AG,CTCGGAAATCATCAACCGCA,0.2592592589999999,1,9819840.5,441,2,9970164.971391866
4039693,PAM_2869775_9,CTCGGAAATCATCAACCGCAAGG,PAM_2869775,2L,9818464,9818487,CTCGGAAATCATCAACCGCAAAG,CTCGGAAATCATCAACCGCA,AG,CTCGGAAATCATCAACCGCA,0.2592592589999999,1,9818475.5,440,2,9991525.487118268
4039694,PAM_2869775_9,CTCGGAAATCATCAACCGCAAGG,PAM_2869775,2L,9818464,9818487,CTCGGAAATCATCAACCGCAAAG,CTCGGAAATCATCAACCGCA,AG,CTCGGAAATCATCAACCGCA,0.2592592589999999,1,9818475.5,441,2,9968803.957110703
4039695,PAM_2869775_10,CTCGGAAATCATCAACCGCAAGG,PAM_2869775,2L,9817864,9817887,CTCGGAAATCATCAACCGCAAAG,CTCGGAAATCATCAACCGCA,AG,CTCGGAAATCATCAACCGCA,0.2592592589999999,1,9817875.5,440,2,9990925.850586182
4039696,PAM_2869775_10,CTCGGAAATCATCAACCGCAAGG,PAM_2869775,2L,9817864,9817887,CTCGGAAATCATCAACCGCAAAG,CTCGGAAATCATCAACCGCA,AG,CTCGGAAATCATCAACCGCA,0.2592592589999999,1,9817875.5,441,2,9968205.709075026
4040049,PAM_2869722_1,TCGCAAAACGTCAACCACAAAGG,PAM_2869722,2L,9816198,9816221,TCGCAAAACGTCAACCACAAAGG,TCGCAAAACGTCAACCACAA,GG,TCGCAAAACGTCAACCACAA,1.0,0,9816209.5,440,2,10012664.095553514
4040050,PAM_2869722_1,TCGCAAAACGTCAACCACAAAGG,PAM_2869722,2L,9816198,9816221,TCGCAAAACGTCAACCACAAAGG,TCGCAAAACGTCAACCACAA,GG,TCGCAAAACGTCAACCACAA,1.0,0,9816209.5,441,2,9989947.809434064
4040051,PAM_2869722_2,TCGCAAAACGTCAACCACAAAGG,PAM_2869722,2L,9816408,9816431,TCGCAAAACGTCAACCACAAAGA,TCGCAAAACGTCAACCACAA,GA,TCGCAAAACGTCAACCACAA,0.069444444,1,9816419.5,440,2,10012873.968339745
4040052,PAM_2869722_2,TCGCAAAACGTCAACCACAAAGG,PAM_2869722,2L,9816408,9816431,TCGCAAAACGTCAACCACAAAGA,TCGCAAAACGTCAACCACAA,GA,TCGCAAAACGTCAACCACAA,0.069444444,1,9816419.5,441,2,9990157.19624655
4040053,PAM_2869722_3,TCGCAAAACGTCAACCACAAAGG,PAM_2869722,2L,9818268,9818291,TCGCAAAACGTCAACCACAAAGA,TCGCAAAACGTCAACCACAA,GA,TCGCAAAACGTCAACCACAA,0.069444444,1,9818279.5,440,2,10014732.841589218
4040054,PAM_2869722_3,TCGCAAAACGTCAACCACAAAGG,PAM_2869722,2L,9818268,9818291,TCGCAAAACGTCAACCACAAAGA,TCGCAAAACGTCAACCACAA,GA,TCGCAAAACGTCAACCACAA,0.069444444,1,9818279.5,441,2,9992011.765157146
4040055,PAM_2869722_4,TCGCAAAACGTCAACCACAAAGG,PAM_2869722,2L,9817668,9817691,TCGCAAAACGTCAACCACAAAGA,TCGCAAAACGTCAACCACAA,GA,TCGCAAAACGTCAACCACAA,0.069444444,1,9817679.5,440,2,10014133.205057131
4040056,PAM_2869722_4,TCGCAAAACGTCAACCACAAAGG,PAM_2869722,2L,9817668,9817691,TCGCAAAACGTCAACCACAAAGA,TCGCAAAACGTCAACCACAA,GA,TCGCAAAACGTCAACCACAA,0.069444444,1,9817679.5,441,2,9991413.51712147
4040057,PAM_2869722_5,TCGCAAAACGTCAACCACAAAGG,PAM_2869722,2L,9818058,9818081,TCGCAAAACGTCAACCACAAAGA,TCGCAAAACGTCAACCACAA,GA,TCGCAAAACGTCAACCACAA,0.069444444,1,9818069.5,440,2,10014522.968802989
4040058,PAM_2869722_5,TCGCAAAACGTCAACCACAAAGG,PAM_2869722,2L,9818058,9818081,TCGCAAAACGTCAACCACAAAGA,TCGCAAAACGTCAACCACAA,GA,TCGCAAAACGTCAACCACAA,0.069444444,1,9818069.5,441,2,9991802.37834466
4040059,PAM_2869722_6,TCGCAAAACGTCAACCACAAAGG,PAM_2869722,2L,9817458,9817481,TCGCAAAACGTCAACCACAAAGA,TCGCAAAACGTCAACCACAA,GA,TCGCAAAACGTCAACCACAA,0.069444444,1,9817469.5,440,2,10013923.3322709
4040060,PAM_2869722_6,TCGCAAAACGTCAACCACAAAGG,PAM_2869722,2L,9817458,9817481,TCGCAAAACGTCAACCACAAAGA,TCGCAAAACGTCAACCACAA,GA,TCGCAAAACGTCAACCACAA,0.069444444,1,9817469.5,441,2,9991204.130308984
4040061,PAM_2869722_7,TCGCAAAACGTCAACCACAAAGG,PAM_2869722,2L,9816618,9816641,TCGCAAAACGTCAACCACAAAGA,TCGCAAAACGTCAACCACAA,GA,TCGCAAAACGTCAACCACAA,0.069444444,1,9816629.5,440,2,10013083.841125976
4040062,PAM_2869722_7,TCGCAAAACGTCAACCACAAAGG,PAM_2869722,2L,9816618,9816641,TCGCAAAACGTCAACCACAAAGA,TCGCAAAACGTCAACCACAA,GA,TCGCAAAACGTCAACCACAA,0.069444444,1,9816629.5,441,2,9990366.583059037
4040063,PAM_2869722_8,TCGCAAAACGTCAACCACAAAGG,PAM_2869722,2L,9817248,9817271,TCGCAAAACGTCAACCACAAAGA,TCGCAAAACGTCAACCACAA,GA,TCGCAAAACGTCAACCACAA,0.069444444,1,9817259.5,440,2,10013713.459484668
4040064,PAM_2869722_8,TCGCAAAACGTCAACCACAAAGG,PAM_2869722,2L,9817248,9817271,TCGCAAAACGTCAACCACAAAGA,TCGCAAAACGTCAACCACAA,GA,TCGCAAAACGTCAACCACAA,0.069444444,1,9817259.5,441,2,9990994.743496496
4040065,PAM_2869722_9,TCGCAAAACGTCAACCACAAAGG,PAM_2869722,2L,9817038,9817061,TCGCAAAACGTCAACCACAAAGA,TCGCAAAACGTCAACCACAA,GA,TCGCAAAACGTCAACCACAA,0.069444444,1,9817049.5,440,2,10013503.586698437
4040066,PAM_2869722_9,TCGCAAAACGTCAACCACAAAGG,PAM_2869722,2L,9817038,9817061,TCGCAAAACGTCAACCACAAAGA,TCGCAAAACGTCAACCACAA,GA,TCGCAAAACGTCAACCACAA,0.069444444,1,9817049.5,441,2,9990785.35668401
4040067,PAM_2869722_10,TCGCAAAACGTCAACCACAAAGG,PAM_2869722,2L,9816828,9816851,TCGCAAAACGTTAACCACAAAGA,TCGCAAAACGTTAACCACAA,GA,TCGCAAAACGTCAACCACAA,0.0657894732595029,2,9816839.5,440,2,10013293.713912206
4040068,PAM_2869722_10,TCGCAAAACGTCAACCACAAAGG,PAM_2869722,2L,9816828,9816851,TCGCAAAACGTTAACCACAAAGA,TCGCAAAACGTTAACCACAA,GA,TCGCAAAACGTCAACCACAA,0.0657894732595029,2,9816839.5,441,2,9990575.969871523
4041010,PAM_2869776_1,TAACTGAAGAACCAACTACTCGG,PAM_2869776,2L,9819067,9819090,TAACTGAAGAACCAACTACTCGG,TAACTGAAGAACCAACTACT,GG,TAACTGAAGAACCAACTACT,1.0,0,9819078.5,440,2,10015531.357571118
4041011,PAM_2869776_1,TAACTGAAGAACCAACTACTCGG,PAM_2869776,2L,9819067,9819090,TAACTGAAGAACCAACTACTCGG,TAACTGAAGAACCAACTACT,GG,TAACTGAAGAACCAACTACT,1.0,0,9819078.5,441,2,9992808.432124656
4041012,PAM_2869776_2,TAACTGAAGAACCAACTACTCGG,PAM_2869776,2L,9818872,9818895,TAACTGAAGAACCAACTACTCGG,TAACTGAAGAACCAACTACT,GG,TAACTGAAGAACCAACTACT,1.0,0,9818883.5,440,2,10015336.475698188
4041013,PAM_2869776_2,TAACTGAAGAACCAACTACTCGG,PAM_2869776,2L,9818872,9818895,TAACTGAAGAACCAACTACTCGG,TAACTGAAGAACCAACTACT,GG,TAACTGAAGAACCAACTACT,1.0,0,9818883.5,441,2,9992614.00151306
4041014,PAM_2869776_3,TAACTGAAGAACCAACTACTCGG,PAM_2869776,2L,9818677,9818700,TAACTGAAGAACCAACTACTCGG,TAACTGAAGAACCAACTACT,GG,TAACTGAAGAACCAACTACT,1.0,0,9818688.5,440,2,10015141.593825258
4041015,PAM_2869776_3,TAACTGAAGAACCAACTACTCGG,PAM_2869776,2L,9818677,9818700,TAACTGAAGAACCAACTACTCGG,TAACTGAAGAACCAACTACT,GG,TAACTGAAGAACCAACTACT,1.0,0,9818688.5,441,2,9992419.570901467
4041016,PAM_2869776_4,TAACTGAAGAACCAACTACTCGG,PAM_2869776,2L,9817882,9817905,TTACTGAAGAACCAACTACTCGG,TTACTGAAGAACCAACTACT,GG,TAACTGAAGAACCAACTACT,0.846153846,1,9817893.5,440,2,10014347.075420242
4041017,PAM_2869776_4,TAACTGAAGAACCAACTACTCGG,PAM_2869776,2L,9817882,9817905,TTACTGAAGAACCAACTACTCGG,TTACTGAAGAACCAACTACT,GG,TAACTGAAGAACCAACTACT,0.846153846,1,9817893.5,441,2,9991626.892254194
4041018,PAM_2869776_5,TAACTGAAGAACCAACTACTCGG,PAM_2869776,2L,9819652,9819675,TTACTGAAGAACCAACTACTCGG,TTACTGAAGAACCAACTACT,GG,TAACTGAAGAACCAACTACT,0.846153846,1,9819663.5,440,2,10016116.003189903
4041019,PAM_2869776_5,TAACTGAAGAACCAACTACTCGG,PAM_2869776,2L,9819652,9819675,TTACTGAAGAACCAACTACTCGG,TTACTGAAGAACCAACTACT,GG,TAACTGAAGAACCAACTACT,0.846153846,1,9819663.5,441,2,9993391.72395944
4041020,PAM_2869776_6,TAACTGAAGAACCAACTACTCGG,PAM_2869776,2L,9819262,9819285,TTACTGAAGAACCAACTACTCGG,TTACTGAAGAACCAACTACT,GG,TAACTGAAGAACCAACTACT,0.846153846,1,9819273.5,440,2,10015726.239444045
4041021,PAM_2869776_6,TAACTGAAGAACCAACTACTCGG,PAM_2869776,2L,9819262,9819285,TTACTGAAGAACCAACTACTCGG,TTACTGAAGAACCAACTACT,GG,TAACTGAAGAACCAACTACT,0.846153846,1,9819273.5,441,2,9993002.862736251
4041022,PAM_2869776_7,TAACTGAAGAACCAACTACTCGG,PAM_2869776,2L,9819847,9819870,TTACTGAAGAACCAACTACTCGG,TTACTGAAGAACCAACTACT,GG,TAACTGAAGAACCAACTACT,0.846153846,1,9819858.5,440,2,10016310.885062832
4041023,PAM_2869776_7,TAACTGAAGAACCAACTACTCGG,PAM_2869776,2L,9819847,9819870,TTACTGAAGAACCAACTACTCGG,TTACTGAAGAACCAACTACT,GG,TAACTGAAGAACCAACTACT,0.846153846,1,9819858.5,441,2,9993586.154571036
4041024,PAM_2869776_8,TAACTGAAGAACCAACTACTCGG,PAM_2869776,2L,9819457,9819480,TTACTGAAGAACCAACTACTCGG,TTACTGAAGAACCAACTACT,GG,TAACTGAAGAACCAACTACT,0.846153846,1,9819468.5,440,2,10015921.121316975
4041025,PAM_2869776_8,TAACTGAAGAACCAACTACTCGG,PAM_2869776,2L,9819457,9819480,TTACTGAAGAACCAACTACTCGG,TTACTGAAGAACCAACTACT,GG,TAACTGAAGAACCAACTACT,0.846153846,1,9819468.5,441,2,9993197.293347845
4041026,PAM_2869776_9,TAACTGAAGAACCAACTACTCGG,PAM_2869776,2L,9818482,9818505,TTACTGAAGAACCAACTACTCGG,TTACTGAAGAACCAACTACT,GG,TAACTGAAGAACCAACTACT,0.846153846,1,9818493.5,440,2,10014946.71195233
4041027,PAM_2869776_9,TAACTGAAGAACCAACTACTCGG,PAM_2869776,2L,9818482,9818505,TTACTGAAGAACCAACTACTCGG,TTACTGAAGAACCAACTACT,GG,TAACTGAAGAACCAACTACT,0.846153846,1,9818493.5,441,2,9992225.140289871
4041028,PAM_2869776_10,TAACTGAAGAACCAACTACTCGG,PAM_2869776,2L,9820042,9820065,CCACCGAAGAACCAACTACTCGG,CCACCGAAGAACCAACTACT,GG,TAACTGAAGAACCAACTACT,0.4628099169173554,3,9820053.5,440,2,10016505.76693576
4041029,PAM_2869776_10,TAACTGAAGAACCAACTACTCGG,PAM_2869776,2L,9820042,9820065,CCACCGAAGAACCAACTACTCGG,CCACCGAAGAACCAACTACT,GG,TAACTGAAGAACCAACTACT,0.4628099169173554,3,9820053.5,441,2,9993780.58518263
5982748,PAM_4258961_2,TTTGTTTTCTTCTTTCTAGTTGG,PAM_4258961,2L,9817634,9817657,GTTGTTTTCCTCTTTGTAGTTGG,GTTGTTTTCCTCTTTGTAGT,GG,TTTGTTTTCTTCTTTCTAGT,0.0,3,9817645.5,440,2,18977235.354559265
5982749,PAM_4258961_2,TTTGTTTTCTTCTTTCTAGTTGG,PAM_4258961,2L,9817634,9817657,GTTGTTTTCCTCTTTGTAGTTGG,GTTGTTTTCCTCTTTGTAGT,GG,TTTGTTTTCTTCTTTCTAGT,0.0,3,9817645.5,441,2,18954515.74530507
5982750,PAM_4258961_3,TTTGTTTTCTTCTTTCTAGTTGG,PAM_4258961,2L,9818234,9818257,GTTGTTTTCCTCTTTGTAGTTGG,GTTGTTTTCCTCTTTGTAGT,GG,TTTGTTTTCTTCTTTCTAGT,0.0,3,9818245.5,440,2,18977834.991091352
5982751,PAM_4258961_3,TTTGTTTTCTTCTTTCTAGTTGG,PAM_4258961,2L,9818234,9818257,GTTGTTTTCCTCTTTGTAGTTGG,GTTGTTTTCCTCTTTGTAGT,GG,TTTGTTTTCTTCTTTCTAGT,0.0,3,9818245.5,441,2,18955113.993340746
7252961,PAM_5184518_2,ATGTTAGTGCTGTTGTCTCATGG,PAM_5184518,2L,9818949,9818972,CTGTTTCTGCTGTTGTCTCATGG,CTGTTTCTGCTGTTGTCTCA,GG,ATGTTAGTGCTGTTGTCTCA,0.4078431371568627,3,9818960.5,440,2,9998056.773070306
7252962,PAM_5184518_2,ATGTTAGTGCTGTTGTCTCATGG,PAM_5184518,2L,9818949,9818972,CTGTTTCTGCTGTTGTCTCATGG,CTGTTTCTGCTGTTGTCTCA,GG,ATGTTAGTGCTGTTGTCTCA,0.4078431371568627,3,9818960.5,441,2,9975334.120694807
9717332,PAM_6926089_2,AAACCAGAGAGCAAACCATTCGG,PAM_6926089,2L,9815965,9815988,CAACCAGAGAGCCAACCACTCGG,CAACCAGAGAGCCAACCACT,GG,AAACCAGAGAGCAAACCATT,0.1775147932544378,3,9815976.5,440,2,23107256.67619935
9717333,PAM_6926089_2,AAACCAGAGAGCAAACCATTCGG,PAM_6926089,2L,9815965,9815988,CAACCAGAGAGCCAACCACTCGG,CAACCAGAGAGCCAACCACT,GG,AAACCAGAGAGCAAACCATT,0.1775147932544378,3,9815976.5,441,2,23084540.929279342
9717335,PAM_6926090_2,AACCAGAGAGCAAACCATTCGGG,PAM_6926090,2L,9815964,9815987,AACCAGAGAGCCAACCACTCGGG,AACCAGAGAGCCAACCACTC,GG,AACCAGAGAGCAAACCATTC,0.4591836733877551,2,9815975.5,440,2,23107255.67680513
9717336,PAM_6926090_2,AACCAGAGAGCAAACCATTCGGG,PAM_6926090,2L,9815964,9815987,AACCAGAGAGCCAACCACTCGGG,AACCAGAGAGCCAACCACTC,GG,AACCAGAGAGCAAACCATTC,0.4591836733877551,2,9815975.5,441,2,23084539.932199284
10449625,PAM_7468914_2,AAAAAGACTATGCAATGGACAGG,PAM_7468914,2L,9790348,9790371,AGAAAGACTATGCAATGGAAATG,AGAAAGACTATGCAATGGAA,TG,AAAAAGACTATGCAATGGAC,0.0074925074896467,3,9790359.5,439,2,22813158.748497307
10449626,PAM_7468914_2,AAAAAGACTATGCAATGGACAGG,PAM_7468914,2L,9790348,9790371,AGAAAGACTATGCAATGGAAATG,AGAAAGACTATGCAATGGAA,TG,AAAAAGACTATGCAATGGAC,0.0074925074896467,3,9790359.5,438,2,23114778.829478167
11228779,PAM_8015513_2,CTCAAAAATTAAGAACTTTAAGG,PAM_8015513,2L,9819676,9819699,CTCAGAAATCAACAACTTTAAGG,CTCAGAAATCAACAACTTTA,GG,CTCAAAAATTAAGAACTTTA,0.1112299463188948,3,9819687.5,440,2,23129627.83368091
11228780,PAM_8015513_2,CTCAAAAATTAAGAACTTTAAGG,PAM_8015513,2L,9819676,9819699,CTCAGAAATCAACAACTTTAAGG,CTCAGAAATCAACAACTTTA,GG,CTCAAAAATTAAGAACTTTA,0.1112299463188948,3,9819687.5,441,2,23106903.49891059
11228781,PAM_8015513_3,CTCAAAAATTAAGAACTTTAAGG,PAM_8015513,2L,9819286,9819309,CTCAGAAATCAACAACTTTAAGG,CTCAGAAATCAACAACTTTA,GG,CTCAAAAATTAAGAACTTTA,0.1112299463188948,3,9819297.5,440,2,23129238.069935054
11228782,PAM_8015513_3,CTCAAAAATTAAGAACTTTAAGG,PAM_8015513,2L,9819286,9819309,CTCAGAAATCAACAACTTTAAGG,CTCAGAAATCAACAACTTTA,GG,CTCAAAAATTAAGAACTTTA,0.1112299463188948,3,9819297.5,441,2,23106514.6376874
11228783,PAM_8015513_4,CTCAAAAATTAAGAACTTTAAGG,PAM_8015513,2L,9819871,9819894,CTCAGAAATCAACAACTTTAAGG,CTCAGAAATCAACAACTTTA,GG,CTCAAAAATTAAGAACTTTA,0.1112299463188948,3,9819882.5,440,2,23129822.71555384
11228784,PAM_8015513_4,CTCAAAAATTAAGAACTTTAAGG,PAM_8015513,2L,9819871,9819894,CTCAGAAATCAACAACTTTAAGG,CTCAGAAATCAACAACTTTA,GG,CTCAAAAATTAAGAACTTTA,0.1112299463188948,3,9819882.5,441,2,23107097.929522187
11228785,PAM_8015513_5,CTCAAAAATTAAGAACTTTAAGG,PAM_8015513,2L,9819481,9819504,CTCAGAAATCAACAACTTTAAGG,CTCAGAAATCAACAACTTTA,GG,CTCAAAAATTAAGAACTTTA,0.1112299463188948,3,9819492.5,440,2,23129432.951807983
11228786,PAM_8015513_5,CTCAAAAATTAAGAACTTTAAGG,PAM_8015513,2L,9819481,9819504,CTCAGAAATCAACAACTTTAAGG,CTCAGAAATCAACAACTTTA,GG,CTCAAAAATTAAGAACTTTA,0.1112299463188948,3,9819492.5,441,2,23106709.068298995
11228787,PAM_8015513_6,CTCAAAAATTAAGAACTTTAAGG,PAM_8015513,2L,9818506,9818529,CTCAGAAATCAACAACTTTAAGG,CTCAGAAATCAACAACTTTA,GG,CTCAAAAATTAAGAACTTTA,0.1112299463188948,3,9818517.5,440,2,23128458.542443335
11228788,PAM_8015513_6,CTCAAAAATTAAGAACTTTAAGG,PAM_8015513,2L,9818506,9818529,CTCAGAAATCAACAACTTTAAGG,CTCAGAAATCAACAACTTTA,GG,CTCAAAAATTAAGAACTTTA,0.1112299463188948,3,9818517.5,441,2,23105736.91524102
11228789,PAM_8015513_7,CTCAAAAATTAAGAACTTTAAGG,PAM_8015513,2L,9817906,9817929,CTCAGAAATCAACAACTTTAAGG,CTCAGAAATCAACAACTTTA,GG,CTCAAAAATTAAGAACTTTA,0.1112299463188948,3,9817917.5,440,2,23127858.90591125
11228790,PAM_8015513_7,CTCAAAAATTAAGAACTTTAAGG,PAM_8015513,2L,9817906,9817929,CTCAGAAATCAACAACTTTAAGG,CTCAGAAATCAACAACTTTA,GG,CTCAAAAATTAAGAACTTTA,0.1112299463188948,3,9817917.5,441,2,23105138.667205345
11228791,PAM_8015513_8,CTCAAAAATTAAGAACTTTAAGG,PAM_8015513,2L,9818701,9818724,CTCAGAAATCAACAACTTTAAGG,CTCAGAAATCAACAACTTTA,GG,CTCAAAAATTAAGAACTTTA,0.1112299463188948,3,9818712.5,440,2,23128653.424316265
11228792,PAM_8015513_8,CTCAAAAATTAAGAACTTTAAGG,PAM_8015513,2L,9818701,9818724,CTCAGAAATCAACAACTTTAAGG,CTCAGAAATCAACAACTTTA,GG,CTCAAAAATTAAGAACTTTA,0.1112299463188948,3,9818712.5,441,2,23105931.345852613
11228793,PAM_8015513_9,CTCAAAAATTAAGAACTTTAAGG,PAM_8015513,2L,9818896,9818919,CTCAGAAATCAACAACTTTAAGG,CTCAGAAATCAACAACTTTA,GG,CTCAAAAATTAAGAACTTTA,0.1112299463188948,3,9818907.5,440,2,23128848.306189194
11228794,PAM_8015513_9,CTCAAAAATTAAGAACTTTAAGG,PAM_8015513,2L,9818896,9818919,CTCAGAAATCAACAACTTTAAGG,CTCAGAAATCAACAACTTTA,GG,CTCAAAAATTAAGAACTTTA,0.1112299463188948,3,9818907.5,441,2,23106125.77646421
11228795,PAM_8015513_10,CTCAAAAATTAAGAACTTTAAGG,PAM_8015513,2L,9819091,9819114,CTCAGAAATCAACAACTTTAAGG,CTCAGAAATCAACAACTTTA,GG,CTCAAAAATTAAGAACTTTA,0.1112299463188948,3,9819102.5,440,2,23129043.188062124
11228796,PAM_8015513_10,CTCAAAAATTAAGAACTTTAAGG,PAM_8015513,2L,9819091,9819114,CTCAGAAATCAACAACTTTAAGG,CTCAGAAATCAACAACTTTA,GG,CTCAAAAATTAAGAACTTTA,0.1112299463188948,3,9819102.5,441,2,23106320.207075804
