,name_ref,protospacer_ref,protospacerID,ref_chr_ref,ref_start_ref,ref_end_ref,genome_target_ref,wt_ref,pam_ref,sg_ref,CFD_ref,mismatches_ref,midpoint_ref,syntenic_block_ref,yhat,name_qry,protospacer_qry,ref_chr_qry,ref_start_qry,ref_end_qry,genome_target_qry,wt_qry,pam_qry,sg_qry,CFD_qry,mismatches_qry,midpoint_qry,syntenic_block_qry,proj_dist
346129,PAM_246305_1,GTATGCTTCTTCTGAAGATGAGG,PAM_246305,X,5666046,5666069,GTATGCTTCTTCTGAAGATGAGG,GTATGCTTCTTCTGAAGATG,GG,GTATGCTTCTTCTGAAGATG,1.0,0,5666057.5,647.0,5791416.745700634,PAM_246305_1,GTATGCTTCTTCTGAAGATGAGG,X_RagTag,5791440,5791463,GTATGCTTCTTCTGAAGATGAGG,GTATGCTTCTTCTGAAGATG,GG,GTATGCTTCTTCTGAAGATG,1.0,0,5791451.5,647.0,34.75429936591536
346130,PAM_246305_1,GTATGCTTCTTCTGAAGATGAGG,PAM_246305,X,5666046,5666069,GTATGCTTCTTCTGAAGATGAGG,GTATGCTTCTTCTGAAGATG,GG,GTATGCTTCTTCTGAAGATG,1.0,0,5666057.5,647.0,5791416.745700634,PAM_246305_2,GTATGCTTCTTCTGAAGATGAGG,X_RagTag,5794510,5794533,GTATGCTTCTTCTGAAGATGAGG,GTATGCTTCTTCTGAAGATG,GG,GTATGCTTCTTCTGAAGATG,1.0,0,5794521.5,647.0,3104.754299365916
346131,PAM_246305_1,GTATGCTTCTTCTGAAGATGAGG,PAM_246305,X,5666046,5666069,GTATGCTTCTTCTGAAGATGAGG,GTATGCTTCTTCTGAAGATG,GG,GTATGCTTCTTCTGAAGATG,1.0,0,5666057.5,647.0,5791416.745700634,PAM_246305_3,GTATGCTTCTTCTGAAGATGAGG,X_RagTag,5794573,5794596,GGATGCTTCTTCTAAAGATGAGG,GGATGCTTCTTCTAAAGATG,GG,GTATGCTTCTTCTGAAGATG,0.2969696970121212,2,5794584.5,647.0,3167.754299365916
346132,PAM_246305_1,GTATGCTTCTTCTGAAGATGAGG,PAM_246305,X,5666046,5666069,GTATGCTTCTTCTGAAGATGAGG,GTATGCTTCTTCTGAAGATG,GG,GTATGCTTCTTCTGAAGATG,1.0,0,5666057.5,647.0,5791416.745700634,PAM_246305_4,GTATGCTTCTTCTGAAGATGAGG,X_RagTag,5791503,5791526,GGATGCTTCTTCTAAAGATGAGG,GGATGCTTCTTCTAAAGATG,GG,GTATGCTTCTTCTGAAGATG,0.2969696970121212,2,5791514.5,647.0,97.75429936591536
346133,PAM_246305_1,GTATGCTTCTTCTGAAGATGAGG,PAM_246305,X,5666046,5666069,GTATGCTTCTTCTGAAGATGAGG,GTATGCTTCTTCTGAAGATG,GG,GTATGCTTCTTCTGAAGATG,1.0,0,5666057.5,647.0,5791416.745700634,PAM_246305_5,GTATGCTTCTTCTGAAGATGAGG,X_RagTag,5791587,5791610,GGATACTTCTTCTAAAGATGAGG,GGATACTTCTTCTAAAGATG,GG,GTATGCTTCTTCTGAAGATG,0.2138181818487273,3,5791598.5,647.0,181.75429936591536
346134,PAM_246305_1,GTATGCTTCTTCTGAAGATGAGG,PAM_246305,X,5666046,5666069,GTATGCTTCTTCTGAAGATGAGG,GTATGCTTCTTCTGAAGATG,GG,GTATGCTTCTTCTGAAGATG,1.0,0,5666057.5,647.0,5791416.745700634,PAM_246305_6,GTATGCTTCTTCTGAAGATGAGG,X_RagTag,5794594,5794617,GGATGCTTCTTCTAAAGATGATG,GGATGCTTCTTCTAAAGATG,TG,GTATGCTTCTTCTGAAGATG,0.0115702479471074,3,5794605.5,647.0,3188.754299365916
346135,PAM_246305_1,GTATGCTTCTTCTGAAGATGAGG,PAM_246305,X,5666046,5666069,GTATGCTTCTTCTGAAGATGAGG,GTATGCTTCTTCTGAAGATG,GG,GTATGCTTCTTCTGAAGATG,1.0,0,5666057.5,647.0,5791416.745700634,PAM_246305_7,GTATGCTTCTTCTGAAGATGAGG,X_RagTag,5791608,5791631,GGATGCTTCTTCTGAATATGAAG,GGATGCTTCTTCTGAATATG,AG,GTATGCTTCTTCTGAAGATG,0.01940978411428,3,5791619.5,647.0,202.75429936591536
346136,PAM_246305_1,GTATGCTTCTTCTGAAGATGAGG,PAM_246305,X,5666046,5666069,GTATGCTTCTTCTGAAGATGAGG,GTATGCTTCTTCTGAAGATG,GG,GTATGCTTCTTCTGAAGATG,1.0,0,5666057.5,647.0,5791416.745700634,PAM_246305_8,GTATGCTTCTTCTGAAGATGAGG,X_RagTag,5794552,5794575,GTATACTTCTTCTAAATATGAGG,GTATACTTCTTCTAAATATG,GG,GTATGCTTCTTCTGAAGATG,0.0395294118522352,3,5794563.5,647.0,3146.754299365916
346137,PAM_246305_1,GTATGCTTCTTCTGAAGATGAGG,PAM_246305,X,5666046,5666069,GTATGCTTCTTCTGAAGATGAGG,GTATGCTTCTTCTGAAGATG,GG,GTATGCTTCTTCTGAAGATG,1.0,0,5666057.5,647.0,5791416.745700634,PAM_246305_9,GTATGCTTCTTCTGAAGATGAGG,X_RagTag,5791545,5791568,GAATACTTCTTCTAAAGATGAGG,GAATACTTCTTCTAAAGATG,GG,GTATGCTTCTTCTGAAGATG,0.2443636364465454,3,5791556.5,647.0,139.75429936591536
346138,PAM_246305_1,GTATGCTTCTTCTGAAGATGAGG,PAM_246305,X,5666046,5666069,GTATGCTTCTTCTGAAGATGAGG,GTATGCTTCTTCTGAAGATG,GG,GTATGCTTCTTCTGAAGATG,1.0,0,5666057.5,647.0,5791416.745700634,PAM_246305_10,GTATGCTTCTTCTGAAGATGAGG,X_RagTag,5794654,5794677,GAATTCTTCTTCTGATGATGAGG,GAATTCTTCTTCTGATGATG,GG,GTATGCTTCTTCTGAAGATG,0.4231404956667769,3,5794665.5,647.0,3248.754299365916
346139,PAM_246305_2,GTATGCTTCTTCTGAAGATGAGG,PAM_246305,X,5669131,5669154,GTATGCTTCTTCTGAAGATGAGG,GTATGCTTCTTCTGAAGATG,GG,GTATGCTTCTTCTGAAGATG,1.0,0,5669142.5,647.0,5794501.810638432,PAM_246305_1,GTATGCTTCTTCTGAAGATGAGG,X_RagTag,5791440,5791463,GTATGCTTCTTCTGAAGATGAGG,GTATGCTTCTTCTGAAGATG,GG,GTATGCTTCTTCTGAAGATG,1.0,0,5791451.5,647.0,3050.310638432391
346140,PAM_246305_2,GTATGCTTCTTCTGAAGATGAGG,PAM_246305,X,5669131,5669154,GTATGCTTCTTCTGAAGATGAGG,GTATGCTTCTTCTGAAGATG,GG,GTATGCTTCTTCTGAAGATG,1.0,0,5669142.5,647.0,5794501.810638432,PAM_246305_2,GTATGCTTCTTCTGAAGATGAGG,X_RagTag,5794510,5794533,GTATGCTTCTTCTGAAGATGAGG,GTATGCTTCTTCTGAAGATG,GG,GTATGCTTCTTCTGAAGATG,1.0,0,5794521.5,647.0,19.68936156760901
346141,PAM_246305_2,GTATGCTTCTTCTGAAGATGAGG,PAM_246305,X,5669131,5669154,GTATGCTTCTTCTGAAGATGAGG,GTATGCTTCTTCTGAAGATG,GG,GTATGCTTCTTCTGAAGATG,1.0,0,5669142.5,647.0,5794501.810638432,PAM_246305_3,GTATGCTTCTTCTGAAGATGAGG,X_RagTag,5794573,5794596,GGATGCTTCTTCTAAAGATGAGG,GGATGCTTCTTCTAAAGATG,GG,GTATGCTTCTTCTGAAGATG,0.2969696970121212,2,5794584.5,647.0,82.68936156760901
346142,PAM_246305_2,GTATGCTTCTTCTGAAGATGAGG,PAM_246305,X,5669131,5669154,GTATGCTTCTTCTGAAGATGAGG,GTATGCTTCTTCTGAAGATG,GG,GTATGCTTCTTCTGAAGATG,1.0,0,5669142.5,647.0,5794501.810638432,PAM_246305_4,GTATGCTTCTTCTGAAGATGAGG,X_RagTag,5791503,5791526,GGATGCTTCTTCTAAAGATGAGG,GGATGCTTCTTCTAAAGATG,GG,GTATGCTTCTTCTGAAGATG,0.2969696970121212,2,5791514.5,647.0,2987.310638432391
346143,PAM_246305_2,GTATGCTTCTTCTGAAGATGAGG,PAM_246305,X,5669131,5669154,GTATGCTTCTTCTGAAGATGAGG,GTATGCTTCTTCTGAAGATG,GG,GTATGCTTCTTCTGAAGATG,1.0,0,5669142.5,647.0,5794501.810638432,PAM_246305_5,GTATGCTTCTTCTGAAGATGAGG,X_RagTag,5791587,5791610,GGATACTTCTTCTAAAGATGAGG,GGATACTTCTTCTAAAGATG,GG,GTATGCTTCTTCTGAAGATG,0.2138181818487273,3,5791598.5,647.0,2903.310638432391
346144,PAM_246305_2,GTATGCTTCTTCTGAAGATGAGG,PAM_246305,X,5669131,5669154,GTATGCTTCTTCTGAAGATGAGG,GTATGCTTCTTCTGAAGATG,GG,GTATGCTTCTTCTGAAGATG,1.0,0,5669142.5,647.0,5794501.810638432,PAM_246305_6,GTATGCTTCTTCTGAAGATGAGG,X_RagTag,5794594,5794617,GGATGCTTCTTCTAAAGATGATG,GGATGCTTCTTCTAAAGATG,TG,GTATGCTTCTTCTGAAGATG,0.0115702479471074,3,5794605.5,647.0,103.689361567609
346145,PAM_246305_2,GTATGCTTCTTCTGAAGATGAGG,PAM_246305,X,5669131,5669154,GTATGCTTCTTCTGAAGATGAGG,GTATGCTTCTTCTGAAGATG,GG,GTATGCTTCTTCTGAAGATG,1.0,0,5669142.5,647.0,5794501.810638432,PAM_246305_7,GTATGCTTCTTCTGAAGATGAGG,X_RagTag,5791608,5791631,GGATGCTTCTTCTGAATATGAAG,GGATGCTTCTTCTGAATATG,AG,GTATGCTTCTTCTGAAGATG,0.01940978411428,3,5791619.5,647.0,2882.310638432391
346146,PAM_246305_2,GTATGCTTCTTCTGAAGATGAGG,PAM_246305,X,5669131,5669154,GTATGCTTCTTCTGAAGATGAGG,GTATGCTTCTTCTGAAGATG,GG,GTATGCTTCTTCTGAAGATG,1.0,0,5669142.5,647.0,5794501.810638432,PAM_246305_8,GTATGCTTCTTCTGAAGATGAGG,X_RagTag,5794552,5794575,GTATACTTCTTCTAAATATGAGG,GTATACTTCTTCTAAATATG,GG,GTATGCTTCTTCTGAAGATG,0.0395294118522352,3,5794563.5,647.0,61.68936156760901
346147,PAM_246305_2,GTATGCTTCTTCTGAAGATGAGG,PAM_246305,X,5669131,5669154,GTATGCTTCTTCTGAAGATGAGG,GTATGCTTCTTCTGAAGATG,GG,GTATGCTTCTTCTGAAGATG,1.0,0,5669142.5,647.0,5794501.810638432,PAM_246305_9,GTATGCTTCTTCTGAAGATGAGG,X_RagTag,5791545,5791568,GAATACTTCTTCTAAAGATGAGG,GAATACTTCTTCTAAAGATG,GG,GTATGCTTCTTCTGAAGATG,0.2443636364465454,3,5791556.5,647.0,2945.310638432391
346148,PAM_246305_2,GTATGCTTCTTCTGAAGATGAGG,PAM_246305,X,5669131,5669154,GTATGCTTCTTCTGAAGATGAGG,GTATGCTTCTTCTGAAGATG,GG,GTATGCTTCTTCTGAAGATG,1.0,0,5669142.5,647.0,5794501.810638432,PAM_246305_10,GTATGCTTCTTCTGAAGATGAGG,X_RagTag,5794654,5794677,GAATTCTTCTTCTGATGATGAGG,GAATTCTTCTTCTGATGATG,GG,GTATGCTTCTTCTGAAGATG,0.4231404956667769,3,5794665.5,647.0,163.689361567609
346149,PAM_246305_3,GTATGCTTCTTCTGAAGATGAGG,PAM_246305,X,5669194,5669217,GGATGCTTCTTCTAAAGATGAGG,GGATGCTTCTTCTAAAGATG,GG,GTATGCTTCTTCTGAAGATG,0.2969696970121212,2,5669205.5,647.0,5794564.811964553,PAM_246305_1,GTATGCTTCTTCTGAAGATGAGG,X_RagTag,5791440,5791463,GTATGCTTCTTCTGAAGATGAGG,GTATGCTTCTTCTGAAGATG,GG,GTATGCTTCTTCTGAAGATG,1.0,0,5791451.5,647.0,3113.311964552849
346150,PAM_246305_3,GTATGCTTCTTCTGAAGATGAGG,PAM_246305,X,5669194,5669217,GGATGCTTCTTCTAAAGATGAGG,GGATGCTTCTTCTAAAGATG,GG,GTATGCTTCTTCTGAAGATG,0.2969696970121212,2,5669205.5,647.0,5794564.811964553,PAM_246305_2,GTATGCTTCTTCTGAAGATGAGG,X_RagTag,5794510,5794533,GTATGCTTCTTCTGAAGATGAGG,GTATGCTTCTTCTGAAGATG,GG,GTATGCTTCTTCTGAAGATG,1.0,0,5794521.5,647.0,43.31196455284953
346151,PAM_246305_3,GTATGCTTCTTCTGAAGATGAGG,PAM_246305,X,5669194,5669217,GGATGCTTCTTCTAAAGATGAGG,GGATGCTTCTTCTAAAGATG,GG,GTATGCTTCTTCTGAAGATG,0.2969696970121212,2,5669205.5,647.0,5794564.811964553,PAM_246305_3,GTATGCTTCTTCTGAAGATGAGG,X_RagTag,5794573,5794596,GGATGCTTCTTCTAAAGATGAGG,GGATGCTTCTTCTAAAGATG,GG,GTATGCTTCTTCTGAAGATG,0.2969696970121212,2,5794584.5,647.0,19.68803544715047
346152,PAM_246305_3,GTATGCTTCTTCTGAAGATGAGG,PAM_246305,X,5669194,5669217,GGATGCTTCTTCTAAAGATGAGG,GGATGCTTCTTCTAAAGATG,GG,GTATGCTTCTTCTGAAGATG,0.2969696970121212,2,5669205.5,647.0,5794564.811964553,PAM_246305_4,GTATGCTTCTTCTGAAGATGAGG,X_RagTag,5791503,5791526,GGATGCTTCTTCTAAAGATGAGG,GGATGCTTCTTCTAAAGATG,GG,GTATGCTTCTTCTGAAGATG,0.2969696970121212,2,5791514.5,647.0,3050.311964552849
346153,PAM_246305_3,GTATGCTTCTTCTGAAGATGAGG,PAM_246305,X,5669194,5669217,GGATGCTTCTTCTAAAGATGAGG,GGATGCTTCTTCTAAAGATG,GG,GTATGCTTCTTCTGAAGATG,0.2969696970121212,2,5669205.5,647.0,5794564.811964553,PAM_246305_5,GTATGCTTCTTCTGAAGATGAGG,X_RagTag,5791587,5791610,GGATACTTCTTCTAAAGATGAGG,GGATACTTCTTCTAAAGATG,GG,GTATGCTTCTTCTGAAGATG,0.2138181818487273,3,5791598.5,647.0,2966.311964552849
346154,PAM_246305_3,GTATGCTTCTTCTGAAGATGAGG,PAM_246305,X,5669194,5669217,GGATGCTTCTTCTAAAGATGAGG,GGATGCTTCTTCTAAAGATG,GG,GTATGCTTCTTCTGAAGATG,0.2969696970121212,2,5669205.5,647.0,5794564.811964553,PAM_246305_6,GTATGCTTCTTCTGAAGATGAGG,X_RagTag,5794594,5794617,GGATGCTTCTTCTAAAGATGATG,GGATGCTTCTTCTAAAGATG,TG,GTATGCTTCTTCTGAAGATG,0.0115702479471074,3,5794605.5,647.0,40.68803544715047
346155,PAM_246305_3,GTATGCTTCTTCTGAAGATGAGG,PAM_246305,X,5669194,5669217,GGATGCTTCTTCTAAAGATGAGG,GGATGCTTCTTCTAAAGATG,GG,GTATGCTTCTTCTGAAGATG,0.2969696970121212,2,5669205.5,647.0,5794564.811964553,PAM_246305_7,GTATGCTTCTTCTGAAGATGAGG,X_RagTag,5791608,5791631,GGATGCTTCTTCTGAATATGAAG,GGATGCTTCTTCTGAATATG,AG,GTATGCTTCTTCTGAAGATG,0.01940978411428,3,5791619.5,647.0,2945.311964552849
346156,PAM_246305_3,GTATGCTTCTTCTGAAGATGAGG,PAM_246305,X,5669194,5669217,GGATGCTTCTTCTAAAGATGAGG,GGATGCTTCTTCTAAAGATG,GG,GTATGCTTCTTCTGAAGATG,0.2969696970121212,2,5669205.5,647.0,5794564.811964553,PAM_246305_8,GTATGCTTCTTCTGAAGATGAGG,X_RagTag,5794552,5794575,GTATACTTCTTCTAAATATGAGG,GTATACTTCTTCTAAATATG,GG,GTATGCTTCTTCTGAAGATG,0.0395294118522352,3,5794563.5,647.0,1.3119645528495312
346157,PAM_246305_3,GTATGCTTCTTCTGAAGATGAGG,PAM_246305,X,5669194,5669217,GGATGCTTCTTCTAAAGATGAGG,GGATGCTTCTTCTAAAGATG,GG,GTATGCTTCTTCTGAAGATG,0.2969696970121212,2,5669205.5,647.0,5794564.811964553,PAM_246305_9,GTATGCTTCTTCTGAAGATGAGG,X_RagTag,5791545,5791568,GAATACTTCTTCTAAAGATGAGG,GAATACTTCTTCTAAAGATG,GG,GTATGCTTCTTCTGAAGATG,0.2443636364465454,3,5791556.5,647.0,3008.311964552849
346158,PAM_246305_3,GTATGCTTCTTCTGAAGATGAGG,PAM_246305,X,5669194,5669217,GGATGCTTCTTCTAAAGATGAGG,GGATGCTTCTTCTAAAGATG,GG,GTATGCTTCTTCTGAAGATG,0.2969696970121212,2,5669205.5,647.0,5794564.811964553,PAM_246305_10,GTATGCTTCTTCTGAAGATGAGG,X_RagTag,5794654,5794677,GAATTCTTCTTCTGATGATGAGG,GAATTCTTCTTCTGATGATG,GG,GTATGCTTCTTCTGAAGATG,0.4231404956667769,3,5794665.5,647.0,100.68803544715048
346159,PAM_246305_4,GTATGCTTCTTCTGAAGATGAGG,PAM_246305,X,5666109,5666132,GGATGCTTCTTCTAAAGATGAGG,GGATGCTTCTTCTAAAGATG,GG,GTATGCTTCTTCTGAAGATG,0.2969696970121212,2,5666120.5,647.0,5791479.747026755,PAM_246305_1,GTATGCTTCTTCTGAAGATGAGG,X_RagTag,5791440,5791463,GTATGCTTCTTCTGAAGATGAGG,GTATGCTTCTTCTGAAGATG,GG,GTATGCTTCTTCTGAAGATG,1.0,0,5791451.5,647.0,28.247026754543185
346160,PAM_246305_4,GTATGCTTCTTCTGAAGATGAGG,PAM_246305,X,5666109,5666132,GGATGCTTCTTCTAAAGATGAGG,GGATGCTTCTTCTAAAGATG,GG,GTATGCTTCTTCTGAAGATG,0.2969696970121212,2,5666120.5,647.0,5791479.747026755,PAM_246305_2,GTATGCTTCTTCTGAAGATGAGG,X_RagTag,5794510,5794533,GTATGCTTCTTCTGAAGATGAGG,GTATGCTTCTTCTGAAGATG,GG,GTATGCTTCTTCTGAAGATG,1.0,0,5794521.5,647.0,3041.752973245457
346161,PAM_246305_4,GTATGCTTCTTCTGAAGATGAGG,PAM_246305,X,5666109,5666132,GGATGCTTCTTCTAAAGATGAGG,GGATGCTTCTTCTAAAGATG,GG,GTATGCTTCTTCTGAAGATG,0.2969696970121212,2,5666120.5,647.0,5791479.747026755,PAM_246305_3,GTATGCTTCTTCTGAAGATGAGG,X_RagTag,5794573,5794596,GGATGCTTCTTCTAAAGATGAGG,GGATGCTTCTTCTAAAGATG,GG,GTATGCTTCTTCTGAAGATG,0.2969696970121212,2,5794584.5,647.0,3104.752973245457
346162,PAM_246305_4,GTATGCTTCTTCTGAAGATGAGG,PAM_246305,X,5666109,5666132,GGATGCTTCTTCTAAAGATGAGG,GGATGCTTCTTCTAAAGATG,GG,GTATGCTTCTTCTGAAGATG,0.2969696970121212,2,5666120.5,647.0,5791479.747026755,PAM_246305_4,GTATGCTTCTTCTGAAGATGAGG,X_RagTag,5791503,5791526,GGATGCTTCTTCTAAAGATGAGG,GGATGCTTCTTCTAAAGATG,GG,GTATGCTTCTTCTGAAGATG,0.2969696970121212,2,5791514.5,647.0,34.752973245456815
346163,PAM_246305_4,GTATGCTTCTTCTGAAGATGAGG,PAM_246305,X,5666109,5666132,GGATGCTTCTTCTAAAGATGAGG,GGATGCTTCTTCTAAAGATG,GG,GTATGCTTCTTCTGAAGATG,0.2969696970121212,2,5666120.5,647.0,5791479.747026755,PAM_246305_5,GTATGCTTCTTCTGAAGATGAGG,X_RagTag,5791587,5791610,GGATACTTCTTCTAAAGATGAGG,GGATACTTCTTCTAAAGATG,GG,GTATGCTTCTTCTGAAGATG,0.2138181818487273,3,5791598.5,647.0,118.7529732454568
346164,PAM_246305_4,GTATGCTTCTTCTGAAGATGAGG,PAM_246305,X,5666109,5666132,GGATGCTTCTTCTAAAGATGAGG,GGATGCTTCTTCTAAAGATG,GG,GTATGCTTCTTCTGAAGATG,0.2969696970121212,2,5666120.5,647.0,5791479.747026755,PAM_246305_6,GTATGCTTCTTCTGAAGATGAGG,X_RagTag,5794594,5794617,GGATGCTTCTTCTAAAGATGATG,GGATGCTTCTTCTAAAGATG,TG,GTATGCTTCTTCTGAAGATG,0.0115702479471074,3,5794605.5,647.0,3125.752973245457
346165,PAM_246305_4,GTATGCTTCTTCTGAAGATGAGG,PAM_246305,X,5666109,5666132,GGATGCTTCTTCTAAAGATGAGG,GGATGCTTCTTCTAAAGATG,GG,GTATGCTTCTTCTGAAGATG,0.2969696970121212,2,5666120.5,647.0,5791479.747026755,PAM_246305_7,GTATGCTTCTTCTGAAGATGAGG,X_RagTag,5791608,5791631,GGATGCTTCTTCTGAATATGAAG,GGATGCTTCTTCTGAATATG,AG,GTATGCTTCTTCTGAAGATG,0.01940978411428,3,5791619.5,647.0,139.7529732454568
346166,PAM_246305_4,GTATGCTTCTTCTGAAGATGAGG,PAM_246305,X,5666109,5666132,GGATGCTTCTTCTAAAGATGAGG,GGATGCTTCTTCTAAAGATG,GG,GTATGCTTCTTCTGAAGATG,0.2969696970121212,2,5666120.5,647.0,5791479.747026755,PAM_246305_8,GTATGCTTCTTCTGAAGATGAGG,X_RagTag,5794552,5794575,GTATACTTCTTCTAAATATGAGG,GTATACTTCTTCTAAATATG,GG,GTATGCTTCTTCTGAAGATG,0.0395294118522352,3,5794563.5,647.0,3083.752973245457
346167,PAM_246305_4,GTATGCTTCTTCTGAAGATGAGG,PAM_246305,X,5666109,5666132,GGATGCTTCTTCTAAAGATGAGG,GGATGCTTCTTCTAAAGATG,GG,GTATGCTTCTTCTGAAGATG,0.2969696970121212,2,5666120.5,647.0,5791479.747026755,PAM_246305_9,GTATGCTTCTTCTGAAGATGAGG,X_RagTag,5791545,5791568,GAATACTTCTTCTAAAGATGAGG,GAATACTTCTTCTAAAGATG,GG,GTATGCTTCTTCTGAAGATG,0.2443636364465454,3,5791556.5,647.0,76.75297324545681
346168,PAM_246305_4,GTATGCTTCTTCTGAAGATGAGG,PAM_246305,X,5666109,5666132,GGATGCTTCTTCTAAAGATGAGG,GGATGCTTCTTCTAAAGATG,GG,GTATGCTTCTTCTGAAGATG,0.2969696970121212,2,5666120.5,647.0,5791479.747026755,PAM_246305_10,GTATGCTTCTTCTGAAGATGAGG,X_RagTag,5794654,5794677,GAATTCTTCTTCTGATGATGAGG,GAATTCTTCTTCTGATGATG,GG,GTATGCTTCTTCTGAAGATG,0.4231404956667769,3,5794665.5,647.0,3185.752973245457
346169,PAM_246305_5,GTATGCTTCTTCTGAAGATGAGG,PAM_246305,X,5666151,5666174,GAATACTTCTTCTAAAGATGAGG,GAATACTTCTTCTAAAGATG,GG,GTATGCTTCTTCTGAAGATG,0.2443636364465454,3,5666162.5,647.0,5791521.747910835,PAM_246305_1,GTATGCTTCTTCTGAAGATGAGG,X_RagTag,5791440,5791463,GTATGCTTCTTCTGAAGATGAGG,GTATGCTTCTTCTGAAGATG,GG,GTATGCTTCTTCTGAAGATG,1.0,0,5791451.5,647.0,70.24791083484888
346170,PAM_246305_5,GTATGCTTCTTCTGAAGATGAGG,PAM_246305,X,5666151,5666174,GAATACTTCTTCTAAAGATGAGG,GAATACTTCTTCTAAAGATG,GG,GTATGCTTCTTCTGAAGATG,0.2443636364465454,3,5666162.5,647.0,5791521.747910835,PAM_246305_2,GTATGCTTCTTCTGAAGATGAGG,X_RagTag,5794510,5794533,GTATGCTTCTTCTGAAGATGAGG,GTATGCTTCTTCTGAAGATG,GG,GTATGCTTCTTCTGAAGATG,1.0,0,5794521.5,647.0,2999.752089165151
346171,PAM_246305_5,GTATGCTTCTTCTGAAGATGAGG,PAM_246305,X,5666151,5666174,GAATACTTCTTCTAAAGATGAGG,GAATACTTCTTCTAAAGATG,GG,GTATGCTTCTTCTGAAGATG,0.2443636364465454,3,5666162.5,647.0,5791521.747910835,PAM_246305_3,GTATGCTTCTTCTGAAGATGAGG,X_RagTag,5794573,5794596,GGATGCTTCTTCTAAAGATGAGG,GGATGCTTCTTCTAAAGATG,GG,GTATGCTTCTTCTGAAGATG,0.2969696970121212,2,5794584.5,647.0,3062.752089165151
346172,PAM_246305_5,GTATGCTTCTTCTGAAGATGAGG,PAM_246305,X,5666151,5666174,GAATACTTCTTCTAAAGATGAGG,GAATACTTCTTCTAAAGATG,GG,GTATGCTTCTTCTGAAGATG,0.2443636364465454,3,5666162.5,647.0,5791521.747910835,PAM_246305_4,GTATGCTTCTTCTGAAGATGAGG,X_RagTag,5791503,5791526,GGATGCTTCTTCTAAAGATGAGG,GGATGCTTCTTCTAAAGATG,GG,GTATGCTTCTTCTGAAGATG,0.2969696970121212,2,5791514.5,647.0,7.247910834848881
346173,PAM_246305_5,GTATGCTTCTTCTGAAGATGAGG,PAM_246305,X,5666151,5666174,GAATACTTCTTCTAAAGATGAGG,GAATACTTCTTCTAAAGATG,GG,GTATGCTTCTTCTGAAGATG,0.2443636364465454,3,5666162.5,647.0,5791521.747910835,PAM_246305_5,GTATGCTTCTTCTGAAGATGAGG,X_RagTag,5791587,5791610,GGATACTTCTTCTAAAGATGAGG,GGATACTTCTTCTAAAGATG,GG,GTATGCTTCTTCTGAAGATG,0.2138181818487273,3,5791598.5,647.0,76.75208916515112
346174,PAM_246305_5,GTATGCTTCTTCTGAAGATGAGG,PAM_246305,X,5666151,5666174,GAATACTTCTTCTAAAGATGAGG,GAATACTTCTTCTAAAGATG,GG,GTATGCTTCTTCTGAAGATG,0.2443636364465454,3,5666162.5,647.0,5791521.747910835,PAM_246305_6,GTATGCTTCTTCTGAAGATGAGG,X_RagTag,5794594,5794617,GGATGCTTCTTCTAAAGATGATG,GGATGCTTCTTCTAAAGATG,TG,GTATGCTTCTTCTGAAGATG,0.0115702479471074,3,5794605.5,647.0,3083.752089165151
346175,PAM_246305_5,GTATGCTTCTTCTGAAGATGAGG,PAM_246305,X,5666151,5666174,GAATACTTCTTCTAAAGATGAGG,GAATACTTCTTCTAAAGATG,GG,GTATGCTTCTTCTGAAGATG,0.2443636364465454,3,5666162.5,647.0,5791521.747910835,PAM_246305_7,GTATGCTTCTTCTGAAGATGAGG,X_RagTag,5791608,5791631,GGATGCTTCTTCTGAATATGAAG,GGATGCTTCTTCTGAATATG,AG,GTATGCTTCTTCTGAAGATG,0.01940978411428,3,5791619.5,647.0,97.75208916515112
346176,PAM_246305_5,GTATGCTTCTTCTGAAGATGAGG,PAM_246305,X,5666151,5666174,GAATACTTCTTCTAAAGATGAGG,GAATACTTCTTCTAAAGATG,GG,GTATGCTTCTTCTGAAGATG,0.2443636364465454,3,5666162.5,647.0,5791521.747910835,PAM_246305_8,GTATGCTTCTTCTGAAGATGAGG,X_RagTag,5794552,5794575,GTATACTTCTTCTAAATATGAGG,GTATACTTCTTCTAAATATG,GG,GTATGCTTCTTCTGAAGATG,0.0395294118522352,3,5794563.5,647.0,3041.752089165151
346177,PAM_246305_5,GTATGCTTCTTCTGAAGATGAGG,PAM_246305,X,5666151,5666174,GAATACTTCTTCTAAAGATGAGG,GAATACTTCTTCTAAAGATG,GG,GTATGCTTCTTCTGAAGATG,0.2443636364465454,3,5666162.5,647.0,5791521.747910835,PAM_246305_9,GTATGCTTCTTCTGAAGATGAGG,X_RagTag,5791545,5791568,GAATACTTCTTCTAAAGATGAGG,GAATACTTCTTCTAAAGATG,GG,GTATGCTTCTTCTGAAGATG,0.2443636364465454,3,5791556.5,647.0,34.75208916515112
346178,PAM_246305_5,GTATGCTTCTTCTGAAGATGAGG,PAM_246305,X,5666151,5666174,GAATACTTCTTCTAAAGATGAGG,GAATACTTCTTCTAAAGATG,GG,GTATGCTTCTTCTGAAGATG,0.2443636364465454,3,5666162.5,647.0,5791521.747910835,PAM_246305_10,GTATGCTTCTTCTGAAGATGAGG,X_RagTag,5794654,5794677,GAATTCTTCTTCTGATGATGAGG,GAATTCTTCTTCTGATGATG,GG,GTATGCTTCTTCTGAAGATG,0.4231404956667769,3,5794665.5,647.0,3143.752089165151
346179,PAM_246305_6,GTATGCTTCTTCTGAAGATGAGG,PAM_246305,X,5669215,5669238,GGATGCTTCTTCTAAAGATGATG,GGATGCTTCTTCTAAAGATG,TG,GTATGCTTCTTCTGAAGATG,0.0115702479471074,3,5669226.5,647.0,5794585.812406593,PAM_246305_1,GTATGCTTCTTCTGAAGATGAGG,X_RagTag,5791440,5791463,GTATGCTTCTTCTGAAGATGAGG,GTATGCTTCTTCTGAAGATG,GG,GTATGCTTCTTCTGAAGATG,1.0,0,5791451.5,647.0,3134.3124065930024
346180,PAM_246305_6,GTATGCTTCTTCTGAAGATGAGG,PAM_246305,X,5669215,5669238,GGATGCTTCTTCTAAAGATGATG,GGATGCTTCTTCTAAAGATG,TG,GTATGCTTCTTCTGAAGATG,0.0115702479471074,3,5669226.5,647.0,5794585.812406593,PAM_246305_2,GTATGCTTCTTCTGAAGATGAGG,X_RagTag,5794510,5794533,GTATGCTTCTTCTGAAGATGAGG,GTATGCTTCTTCTGAAGATG,GG,GTATGCTTCTTCTGAAGATG,1.0,0,5794521.5,647.0,64.31240659300238
346181,PAM_246305_6,GTATGCTTCTTCTGAAGATGAGG,PAM_246305,X,5669215,5669238,GGATGCTTCTTCTAAAGATGATG,GGATGCTTCTTCTAAAGATG,TG,GTATGCTTCTTCTGAAGATG,0.0115702479471074,3,5669226.5,647.0,5794585.812406593,PAM_246305_3,GTATGCTTCTTCTGAAGATGAGG,X_RagTag,5794573,5794596,GGATGCTTCTTCTAAAGATGAGG,GGATGCTTCTTCTAAAGATG,GG,GTATGCTTCTTCTGAAGATG,0.2969696970121212,2,5794584.5,647.0,1.312406593002379
346182,PAM_246305_6,GTATGCTTCTTCTGAAGATGAGG,PAM_246305,X,5669215,5669238,GGATGCTTCTTCTAAAGATGATG,GGATGCTTCTTCTAAAGATG,TG,GTATGCTTCTTCTGAAGATG,0.0115702479471074,3,5669226.5,647.0,5794585.812406593,PAM_246305_4,GTATGCTTCTTCTGAAGATGAGG,X_RagTag,5791503,5791526,GGATGCTTCTTCTAAAGATGAGG,GGATGCTTCTTCTAAAGATG,GG,GTATGCTTCTTCTGAAGATG,0.2969696970121212,2,5791514.5,647.0,3071.3124065930024
346183,PAM_246305_6,GTATGCTTCTTCTGAAGATGAGG,PAM_246305,X,5669215,5669238,GGATGCTTCTTCTAAAGATGATG,GGATGCTTCTTCTAAAGATG,TG,GTATGCTTCTTCTGAAGATG,0.0115702479471074,3,5669226.5,647.0,5794585.812406593,PAM_246305_5,GTATGCTTCTTCTGAAGATGAGG,X_RagTag,5791587,5791610,GGATACTTCTTCTAAAGATGAGG,GGATACTTCTTCTAAAGATG,GG,GTATGCTTCTTCTGAAGATG,0.2138181818487273,3,5791598.5,647.0,2987.3124065930024
346184,PAM_246305_6,GTATGCTTCTTCTGAAGATGAGG,PAM_246305,X,5669215,5669238,GGATGCTTCTTCTAAAGATGATG,GGATGCTTCTTCTAAAGATG,TG,GTATGCTTCTTCTGAAGATG,0.0115702479471074,3,5669226.5,647.0,5794585.812406593,PAM_246305_6,GTATGCTTCTTCTGAAGATGAGG,X_RagTag,5794594,5794617,GGATGCTTCTTCTAAAGATGATG,GGATGCTTCTTCTAAAGATG,TG,GTATGCTTCTTCTGAAGATG,0.0115702479471074,3,5794605.5,647.0,19.68759340699762
346185,PAM_246305_6,GTATGCTTCTTCTGAAGATGAGG,PAM_246305,X,5669215,5669238,GGATGCTTCTTCTAAAGATGATG,GGATGCTTCTTCTAAAGATG,TG,GTATGCTTCTTCTGAAGATG,0.0115702479471074,3,5669226.5,647.0,5794585.812406593,PAM_246305_7,GTATGCTTCTTCTGAAGATGAGG,X_RagTag,5791608,5791631,GGATGCTTCTTCTGAATATGAAG,GGATGCTTCTTCTGAATATG,AG,GTATGCTTCTTCTGAAGATG,0.01940978411428,3,5791619.5,647.0,2966.3124065930024
346186,PAM_246305_6,GTATGCTTCTTCTGAAGATGAGG,PAM_246305,X,5669215,5669238,GGATGCTTCTTCTAAAGATGATG,GGATGCTTCTTCTAAAGATG,TG,GTATGCTTCTTCTGAAGATG,0.0115702479471074,3,5669226.5,647.0,5794585.812406593,PAM_246305_8,GTATGCTTCTTCTGAAGATGAGG,X_RagTag,5794552,5794575,GTATACTTCTTCTAAATATGAGG,GTATACTTCTTCTAAATATG,GG,GTATGCTTCTTCTGAAGATG,0.0395294118522352,3,5794563.5,647.0,22.31240659300238
346187,PAM_246305_6,GTATGCTTCTTCTGAAGATGAGG,PAM_246305,X,5669215,5669238,GGATGCTTCTTCTAAAGATGATG,GGATGCTTCTTCTAAAGATG,TG,GTATGCTTCTTCTGAAGATG,0.0115702479471074,3,5669226.5,647.0,5794585.812406593,PAM_246305_9,GTATGCTTCTTCTGAAGATGAGG,X_RagTag,5791545,5791568,GAATACTTCTTCTAAAGATGAGG,GAATACTTCTTCTAAAGATG,GG,GTATGCTTCTTCTGAAGATG,0.2443636364465454,3,5791556.5,647.0,3029.3124065930024
346188,PAM_246305_6,GTATGCTTCTTCTGAAGATGAGG,PAM_246305,X,5669215,5669238,GGATGCTTCTTCTAAAGATGATG,GGATGCTTCTTCTAAAGATG,TG,GTATGCTTCTTCTGAAGATG,0.0115702479471074,3,5669226.5,647.0,5794585.812406593,PAM_246305_10,GTATGCTTCTTCTGAAGATGAGG,X_RagTag,5794654,5794677,GAATTCTTCTTCTGATGATGAGG,GAATTCTTCTTCTGATGATG,GG,GTATGCTTCTTCTGAAGATG,0.4231404956667769,3,5794665.5,647.0,79.68759340699762
346189,PAM_246305_7,GTATGCTTCTTCTGAAGATGAGG,PAM_246305,X,5666214,5666237,GGATGCTTCTTCTGAATATGAAG,GGATGCTTCTTCTGAATATG,AG,GTATGCTTCTTCTGAAGATG,0.01940978411428,3,5666225.5,647.0,5791584.749236955,PAM_246305_1,GTATGCTTCTTCTGAAGATGAGG,X_RagTag,5791440,5791463,GTATGCTTCTTCTGAAGATGAGG,GTATGCTTCTTCTGAAGATG,GG,GTATGCTTCTTCTGAAGATG,1.0,0,5791451.5,647.0,133.24923695530742
346190,PAM_246305_7,GTATGCTTCTTCTGAAGATGAGG,PAM_246305,X,5666214,5666237,GGATGCTTCTTCTGAATATGAAG,GGATGCTTCTTCTGAATATG,AG,GTATGCTTCTTCTGAAGATG,0.01940978411428,3,5666225.5,647.0,5791584.749236955,PAM_246305_2,GTATGCTTCTTCTGAAGATGAGG,X_RagTag,5794510,5794533,GTATGCTTCTTCTGAAGATGAGG,GTATGCTTCTTCTGAAGATG,GG,GTATGCTTCTTCTGAAGATG,1.0,0,5794521.5,647.0,2936.7507630446926
346191,PAM_246305_7,GTATGCTTCTTCTGAAGATGAGG,PAM_246305,X,5666214,5666237,GGATGCTTCTTCTGAATATGAAG,GGATGCTTCTTCTGAATATG,AG,GTATGCTTCTTCTGAAGATG,0.01940978411428,3,5666225.5,647.0,5791584.749236955,PAM_246305_3,GTATGCTTCTTCTGAAGATGAGG,X_RagTag,5794573,5794596,GGATGCTTCTTCTAAAGATGAGG,GGATGCTTCTTCTAAAGATG,GG,GTATGCTTCTTCTGAAGATG,0.2969696970121212,2,5794584.5,647.0,2999.7507630446926
346192,PAM_246305_7,GTATGCTTCTTCTGAAGATGAGG,PAM_246305,X,5666214,5666237,GGATGCTTCTTCTGAATATGAAG,GGATGCTTCTTCTGAATATG,AG,GTATGCTTCTTCTGAAGATG,0.01940978411428,3,5666225.5,647.0,5791584.749236955,PAM_246305_4,GTATGCTTCTTCTGAAGATGAGG,X_RagTag,5791503,5791526,GGATGCTTCTTCTAAAGATGAGG,GGATGCTTCTTCTAAAGATG,GG,GTATGCTTCTTCTGAAGATG,0.2969696970121212,2,5791514.5,647.0,70.24923695530742
346193,PAM_246305_7,GTATGCTTCTTCTGAAGATGAGG,PAM_246305,X,5666214,5666237,GGATGCTTCTTCTGAATATGAAG,GGATGCTTCTTCTGAATATG,AG,GTATGCTTCTTCTGAAGATG,0.01940978411428,3,5666225.5,647.0,5791584.749236955,PAM_246305_5,GTATGCTTCTTCTGAAGATGAGG,X_RagTag,5791587,5791610,GGATACTTCTTCTAAAGATGAGG,GGATACTTCTTCTAAAGATG,GG,GTATGCTTCTTCTGAAGATG,0.2138181818487273,3,5791598.5,647.0,13.750763044692576
346194,PAM_246305_7,GTATGCTTCTTCTGAAGATGAGG,PAM_246305,X,5666214,5666237,GGATGCTTCTTCTGAATATGAAG,GGATGCTTCTTCTGAATATG,AG,GTATGCTTCTTCTGAAGATG,0.01940978411428,3,5666225.5,647.0,5791584.749236955,PAM_246305_6,GTATGCTTCTTCTGAAGATGAGG,X_RagTag,5794594,5794617,GGATGCTTCTTCTAAAGATGATG,GGATGCTTCTTCTAAAGATG,TG,GTATGCTTCTTCTGAAGATG,0.0115702479471074,3,5794605.5,647.0,3020.7507630446926
346195,PAM_246305_7,GTATGCTTCTTCTGAAGATGAGG,PAM_246305,X,5666214,5666237,GGATGCTTCTTCTGAATATGAAG,GGATGCTTCTTCTGAATATG,AG,GTATGCTTCTTCTGAAGATG,0.01940978411428,3,5666225.5,647.0,5791584.749236955,PAM_246305_7,GTATGCTTCTTCTGAAGATGAGG,X_RagTag,5791608,5791631,GGATGCTTCTTCTGAATATGAAG,GGATGCTTCTTCTGAATATG,AG,GTATGCTTCTTCTGAAGATG,0.01940978411428,3,5791619.5,647.0,34.750763044692576
346196,PAM_246305_7,GTATGCTTCTTCTGAAGATGAGG,PAM_246305,X,5666214,5666237,GGATGCTTCTTCTGAATATGAAG,GGATGCTTCTTCTGAATATG,AG,GTATGCTTCTTCTGAAGATG,0.01940978411428,3,5666225.5,647.0,5791584.749236955,PAM_246305_8,GTATGCTTCTTCTGAAGATGAGG,X_RagTag,5794552,5794575,GTATACTTCTTCTAAATATGAGG,GTATACTTCTTCTAAATATG,GG,GTATGCTTCTTCTGAAGATG,0.0395294118522352,3,5794563.5,647.0,2978.7507630446926
346197,PAM_246305_7,GTATGCTTCTTCTGAAGATGAGG,PAM_246305,X,5666214,5666237,GGATGCTTCTTCTGAATATGAAG,GGATGCTTCTTCTGAATATG,AG,GTATGCTTCTTCTGAAGATG,0.01940978411428,3,5666225.5,647.0,5791584.749236955,PAM_246305_9,GTATGCTTCTTCTGAAGATGAGG,X_RagTag,5791545,5791568,GAATACTTCTTCTAAAGATGAGG,GAATACTTCTTCTAAAGATG,GG,GTATGCTTCTTCTGAAGATG,0.2443636364465454,3,5791556.5,647.0,28.249236955307424
346198,PAM_246305_7,GTATGCTTCTTCTGAAGATGAGG,PAM_246305,X,5666214,5666237,GGATGCTTCTTCTGAATATGAAG,GGATGCTTCTTCTGAATATG,AG,GTATGCTTCTTCTGAAGATG,0.01940978411428,3,5666225.5,647.0,5791584.749236955,PAM_246305_10,GTATGCTTCTTCTGAAGATGAGG,X_RagTag,5794654,5794677,GAATTCTTCTTCTGATGATGAGG,GAATTCTTCTTCTGATGATG,GG,GTATGCTTCTTCTGAAGATG,0.4231404956667769,3,5794665.5,647.0,3080.7507630446926
346199,PAM_246305_8,GTATGCTTCTTCTGAAGATGAGG,PAM_246305,X,5669173,5669196,GTATACTTCTTCTAAATATGAGG,GTATACTTCTTCTAAATATG,GG,GTATGCTTCTTCTGAAGATG,0.0395294118522352,3,5669184.5,647.0,5794543.811522513,PAM_246305_1,GTATGCTTCTTCTGAAGATGAGG,X_RagTag,5791440,5791463,GTATGCTTCTTCTGAAGATGAGG,GTATGCTTCTTCTGAAGATG,GG,GTATGCTTCTTCTGAAGATG,1.0,0,5791451.5,647.0,3092.3115225126967
346200,PAM_246305_8,GTATGCTTCTTCTGAAGATGAGG,PAM_246305,X,5669173,5669196,GTATACTTCTTCTAAATATGAGG,GTATACTTCTTCTAAATATG,GG,GTATGCTTCTTCTGAAGATG,0.0395294118522352,3,5669184.5,647.0,5794543.811522513,PAM_246305_2,GTATGCTTCTTCTGAAGATGAGG,X_RagTag,5794510,5794533,GTATGCTTCTTCTGAAGATGAGG,GTATGCTTCTTCTGAAGATG,GG,GTATGCTTCTTCTGAAGATG,1.0,0,5794521.5,647.0,22.311522512696683
346201,PAM_246305_8,GTATGCTTCTTCTGAAGATGAGG,PAM_246305,X,5669173,5669196,GTATACTTCTTCTAAATATGAGG,GTATACTTCTTCTAAATATG,GG,GTATGCTTCTTCTGAAGATG,0.0395294118522352,3,5669184.5,647.0,5794543.811522513,PAM_246305_3,GTATGCTTCTTCTGAAGATGAGG,X_RagTag,5794573,5794596,GGATGCTTCTTCTAAAGATGAGG,GGATGCTTCTTCTAAAGATG,GG,GTATGCTTCTTCTGAAGATG,0.2969696970121212,2,5794584.5,647.0,40.68847748730332
346202,PAM_246305_8,GTATGCTTCTTCTGAAGATGAGG,PAM_246305,X,5669173,5669196,GTATACTTCTTCTAAATATGAGG,GTATACTTCTTCTAAATATG,GG,GTATGCTTCTTCTGAAGATG,0.0395294118522352,3,5669184.5,647.0,5794543.811522513,PAM_246305_4,GTATGCTTCTTCTGAAGATGAGG,X_RagTag,5791503,5791526,GGATGCTTCTTCTAAAGATGAGG,GGATGCTTCTTCTAAAGATG,GG,GTATGCTTCTTCTGAAGATG,0.2969696970121212,2,5791514.5,647.0,3029.3115225126967
346203,PAM_246305_8,GTATGCTTCTTCTGAAGATGAGG,PAM_246305,X,5669173,5669196,GTATACTTCTTCTAAATATGAGG,GTATACTTCTTCTAAATATG,GG,GTATGCTTCTTCTGAAGATG,0.0395294118522352,3,5669184.5,647.0,5794543.811522513,PAM_246305_5,GTATGCTTCTTCTGAAGATGAGG,X_RagTag,5791587,5791610,GGATACTTCTTCTAAAGATGAGG,GGATACTTCTTCTAAAGATG,GG,GTATGCTTCTTCTGAAGATG,0.2138181818487273,3,5791598.5,647.0,2945.3115225126967
346204,PAM_246305_8,GTATGCTTCTTCTGAAGATGAGG,PAM_246305,X,5669173,5669196,GTATACTTCTTCTAAATATGAGG,GTATACTTCTTCTAAATATG,GG,GTATGCTTCTTCTGAAGATG,0.0395294118522352,3,5669184.5,647.0,5794543.811522513,PAM_246305_6,GTATGCTTCTTCTGAAGATGAGG,X_RagTag,5794594,5794617,GGATGCTTCTTCTAAAGATGATG,GGATGCTTCTTCTAAAGATG,TG,GTATGCTTCTTCTGAAGATG,0.0115702479471074,3,5794605.5,647.0,61.68847748730332
346205,PAM_246305_8,GTATGCTTCTTCTGAAGATGAGG,PAM_246305,X,5669173,5669196,GTATACTTCTTCTAAATATGAGG,GTATACTTCTTCTAAATATG,GG,GTATGCTTCTTCTGAAGATG,0.0395294118522352,3,5669184.5,647.0,5794543.811522513,PAM_246305_7,GTATGCTTCTTCTGAAGATGAGG,X_RagTag,5791608,5791631,GGATGCTTCTTCTGAATATGAAG,GGATGCTTCTTCTGAATATG,AG,GTATGCTTCTTCTGAAGATG,0.01940978411428,3,5791619.5,647.0,2924.3115225126967
346206,PAM_246305_8,GTATGCTTCTTCTGAAGATGAGG,PAM_246305,X,5669173,5669196,GTATACTTCTTCTAAATATGAGG,GTATACTTCTTCTAAATATG,GG,GTATGCTTCTTCTGAAGATG,0.0395294118522352,3,5669184.5,647.0,5794543.811522513,PAM_246305_8,GTATGCTTCTTCTGAAGATGAGG,X_RagTag,5794552,5794575,GTATACTTCTTCTAAATATGAGG,GTATACTTCTTCTAAATATG,GG,GTATGCTTCTTCTGAAGATG,0.0395294118522352,3,5794563.5,647.0,19.68847748730332
346207,PAM_246305_8,GTATGCTTCTTCTGAAGATGAGG,PAM_246305,X,5669173,5669196,GTATACTTCTTCTAAATATGAGG,GTATACTTCTTCTAAATATG,GG,GTATGCTTCTTCTGAAGATG,0.0395294118522352,3,5669184.5,647.0,5794543.811522513,PAM_246305_9,GTATGCTTCTTCTGAAGATGAGG,X_RagTag,5791545,5791568,GAATACTTCTTCTAAAGATGAGG,GAATACTTCTTCTAAAGATG,GG,GTATGCTTCTTCTGAAGATG,0.2443636364465454,3,5791556.5,647.0,2987.3115225126967
346208,PAM_246305_8,GTATGCTTCTTCTGAAGATGAGG,PAM_246305,X,5669173,5669196,GTATACTTCTTCTAAATATGAGG,GTATACTTCTTCTAAATATG,GG,GTATGCTTCTTCTGAAGATG,0.0395294118522352,3,5669184.5,647.0,5794543.811522513,PAM_246305_10,GTATGCTTCTTCTGAAGATGAGG,X_RagTag,5794654,5794677,GAATTCTTCTTCTGATGATGAGG,GAATTCTTCTTCTGATGATG,GG,GTATGCTTCTTCTGAAGATG,0.4231404956667769,3,5794665.5,647.0,121.68847748730332
346209,PAM_246305_9,GTATGCTTCTTCTGAAGATGAGG,PAM_246305,X,5666193,5666216,GGATACTTCTTCTAAAGATGAGG,GGATACTTCTTCTAAAGATG,GG,GTATGCTTCTTCTGAAGATG,0.2138181818487273,3,5666204.5,647.0,5791563.748794915,PAM_246305_1,GTATGCTTCTTCTGAAGATGAGG,X_RagTag,5791440,5791463,GTATGCTTCTTCTGAAGATGAGG,GTATGCTTCTTCTGAAGATG,GG,GTATGCTTCTTCTGAAGATG,1.0,0,5791451.5,647.0,112.24879491515458
346210,PAM_246305_9,GTATGCTTCTTCTGAAGATGAGG,PAM_246305,X,5666193,5666216,GGATACTTCTTCTAAAGATGAGG,GGATACTTCTTCTAAAGATG,GG,GTATGCTTCTTCTGAAGATG,0.2138181818487273,3,5666204.5,647.0,5791563.748794915,PAM_246305_2,GTATGCTTCTTCTGAAGATGAGG,X_RagTag,5794510,5794533,GTATGCTTCTTCTGAAGATGAGG,GTATGCTTCTTCTGAAGATG,GG,GTATGCTTCTTCTGAAGATG,1.0,0,5794521.5,647.0,2957.7512050848454
346211,PAM_246305_9,GTATGCTTCTTCTGAAGATGAGG,PAM_246305,X,5666193,5666216,GGATACTTCTTCTAAAGATGAGG,GGATACTTCTTCTAAAGATG,GG,GTATGCTTCTTCTGAAGATG,0.2138181818487273,3,5666204.5,647.0,5791563.748794915,PAM_246305_3,GTATGCTTCTTCTGAAGATGAGG,X_RagTag,5794573,5794596,GGATGCTTCTTCTAAAGATGAGG,GGATGCTTCTTCTAAAGATG,GG,GTATGCTTCTTCTGAAGATG,0.2969696970121212,2,5794584.5,647.0,3020.7512050848454
346212,PAM_246305_9,GTATGCTTCTTCTGAAGATGAGG,PAM_246305,X,5666193,5666216,GGATACTTCTTCTAAAGATGAGG,GGATACTTCTTCTAAAGATG,GG,GTATGCTTCTTCTGAAGATG,0.2138181818487273,3,5666204.5,647.0,5791563.748794915,PAM_246305_4,GTATGCTTCTTCTGAAGATGAGG,X_RagTag,5791503,5791526,GGATGCTTCTTCTAAAGATGAGG,GGATGCTTCTTCTAAAGATG,GG,GTATGCTTCTTCTGAAGATG,0.2969696970121212,2,5791514.5,647.0,49.248794915154576
346213,PAM_246305_9,GTATGCTTCTTCTGAAGATGAGG,PAM_246305,X,5666193,5666216,GGATACTTCTTCTAAAGATGAGG,GGATACTTCTTCTAAAGATG,GG,GTATGCTTCTTCTGAAGATG,0.2138181818487273,3,5666204.5,647.0,5791563.748794915,PAM_246305_5,GTATGCTTCTTCTGAAGATGAGG,X_RagTag,5791587,5791610,GGATACTTCTTCTAAAGATGAGG,GGATACTTCTTCTAAAGATG,GG,GTATGCTTCTTCTGAAGATG,0.2138181818487273,3,5791598.5,647.0,34.751205084845424
346214,PAM_246305_9,GTATGCTTCTTCTGAAGATGAGG,PAM_246305,X,5666193,5666216,GGATACTTCTTCTAAAGATGAGG,GGATACTTCTTCTAAAGATG,GG,GTATGCTTCTTCTGAAGATG,0.2138181818487273,3,5666204.5,647.0,5791563.748794915,PAM_246305_6,GTATGCTTCTTCTGAAGATGAGG,X_RagTag,5794594,5794617,GGATGCTTCTTCTAAAGATGATG,GGATGCTTCTTCTAAAGATG,TG,GTATGCTTCTTCTGAAGATG,0.0115702479471074,3,5794605.5,647.0,3041.7512050848454
346215,PAM_246305_9,GTATGCTTCTTCTGAAGATGAGG,PAM_246305,X,5666193,5666216,GGATACTTCTTCTAAAGATGAGG,GGATACTTCTTCTAAAGATG,GG,GTATGCTTCTTCTGAAGATG,0.2138181818487273,3,5666204.5,647.0,5791563.748794915,PAM_246305_7,GTATGCTTCTTCTGAAGATGAGG,X_RagTag,5791608,5791631,GGATGCTTCTTCTGAATATGAAG,GGATGCTTCTTCTGAATATG,AG,GTATGCTTCTTCTGAAGATG,0.01940978411428,3,5791619.5,647.0,55.751205084845424
346216,PAM_246305_9,GTATGCTTCTTCTGAAGATGAGG,PAM_246305,X,5666193,5666216,GGATACTTCTTCTAAAGATGAGG,GGATACTTCTTCTAAAGATG,GG,GTATGCTTCTTCTGAAGATG,0.2138181818487273,3,5666204.5,647.0,5791563.748794915,PAM_246305_8,GTATGCTTCTTCTGAAGATGAGG,X_RagTag,5794552,5794575,GTATACTTCTTCTAAATATGAGG,GTATACTTCTTCTAAATATG,GG,GTATGCTTCTTCTGAAGATG,0.0395294118522352,3,5794563.5,647.0,2999.7512050848454
346217,PAM_246305_9,GTATGCTTCTTCTGAAGATGAGG,PAM_246305,X,5666193,5666216,GGATACTTCTTCTAAAGATGAGG,GGATACTTCTTCTAAAGATG,GG,GTATGCTTCTTCTGAAGATG,0.2138181818487273,3,5666204.5,647.0,5791563.748794915,PAM_246305_9,GTATGCTTCTTCTGAAGATGAGG,X_RagTag,5791545,5791568,GAATACTTCTTCTAAAGATGAGG,GAATACTTCTTCTAAAGATG,GG,GTATGCTTCTTCTGAAGATG,0.2443636364465454,3,5791556.5,647.0,7.248794915154576
346218,PAM_246305_9,GTATGCTTCTTCTGAAGATGAGG,PAM_246305,X,5666193,5666216,GGATACTTCTTCTAAAGATGAGG,GGATACTTCTTCTAAAGATG,GG,GTATGCTTCTTCTGAAGATG,0.2138181818487273,3,5666204.5,647.0,5791563.748794915,PAM_246305_10,GTATGCTTCTTCTGAAGATGAGG,X_RagTag,5794654,5794677,GAATTCTTCTTCTGATGATGAGG,GAATTCTTCTTCTGATGATG,GG,GTATGCTTCTTCTGAAGATG,0.4231404956667769,3,5794665.5,647.0,3101.7512050848454
346219,PAM_246305_10,GTATGCTTCTTCTGAAGATGAGG,PAM_246305,X,5669275,5669298,GAATTCTTCTTCTGATGATGAGG,GAATTCTTCTTCTGATGATG,GG,GTATGCTTCTTCTGAAGATG,0.4231404956667769,3,5669286.5,647.0,5794645.813669565,PAM_246305_1,GTATGCTTCTTCTGAAGATGAGG,X_RagTag,5791440,5791463,GTATGCTTCTTCTGAAGATGAGG,GTATGCTTCTTCTGAAGATG,GG,GTATGCTTCTTCTGAAGATG,1.0,0,5791451.5,647.0,3194.3136695651338
346220,PAM_246305_10,GTATGCTTCTTCTGAAGATGAGG,PAM_246305,X,5669275,5669298,GAATTCTTCTTCTGATGATGAGG,GAATTCTTCTTCTGATGATG,GG,GTATGCTTCTTCTGAAGATG,0.4231404956667769,3,5669286.5,647.0,5794645.813669565,PAM_246305_2,GTATGCTTCTTCTGAAGATGAGG,X_RagTag,5794510,5794533,GTATGCTTCTTCTGAAGATGAGG,GTATGCTTCTTCTGAAGATG,GG,GTATGCTTCTTCTGAAGATG,1.0,0,5794521.5,647.0,124.31366956513376
346221,PAM_246305_10,GTATGCTTCTTCTGAAGATGAGG,PAM_246305,X,5669275,5669298,GAATTCTTCTTCTGATGATGAGG,GAATTCTTCTTCTGATGATG,GG,GTATGCTTCTTCTGAAGATG,0.4231404956667769,3,5669286.5,647.0,5794645.813669565,PAM_246305_3,GTATGCTTCTTCTGAAGATGAGG,X_RagTag,5794573,5794596,GGATGCTTCTTCTAAAGATGAGG,GGATGCTTCTTCTAAAGATG,GG,GTATGCTTCTTCTGAAGATG,0.2969696970121212,2,5794584.5,647.0,61.31366956513375
346222,PAM_246305_10,GTATGCTTCTTCTGAAGATGAGG,PAM_246305,X,5669275,5669298,GAATTCTTCTTCTGATGATGAGG,GAATTCTTCTTCTGATGATG,GG,GTATGCTTCTTCTGAAGATG,0.4231404956667769,3,5669286.5,647.0,5794645.813669565,PAM_246305_4,GTATGCTTCTTCTGAAGATGAGG,X_RagTag,5791503,5791526,GGATGCTTCTTCTAAAGATGAGG,GGATGCTTCTTCTAAAGATG,GG,GTATGCTTCTTCTGAAGATG,0.2969696970121212,2,5791514.5,647.0,3131.3136695651338
346223,PAM_246305_10,GTATGCTTCTTCTGAAGATGAGG,PAM_246305,X,5669275,5669298,GAATTCTTCTTCTGATGATGAGG,GAATTCTTCTTCTGATGATG,GG,GTATGCTTCTTCTGAAGATG,0.4231404956667769,3,5669286.5,647.0,5794645.813669565,PAM_246305_5,GTATGCTTCTTCTGAAGATGAGG,X_RagTag,5791587,5791610,GGATACTTCTTCTAAAGATGAGG,GGATACTTCTTCTAAAGATG,GG,GTATGCTTCTTCTGAAGATG,0.2138181818487273,3,5791598.5,647.0,3047.3136695651338
346224,PAM_246305_10,GTATGCTTCTTCTGAAGATGAGG,PAM_246305,X,5669275,5669298,GAATTCTTCTTCTGATGATGAGG,GAATTCTTCTTCTGATGATG,GG,GTATGCTTCTTCTGAAGATG,0.4231404956667769,3,5669286.5,647.0,5794645.813669565,PAM_246305_6,GTATGCTTCTTCTGAAGATGAGG,X_RagTag,5794594,5794617,GGATGCTTCTTCTAAAGATGATG,GGATGCTTCTTCTAAAGATG,TG,GTATGCTTCTTCTGAAGATG,0.0115702479471074,3,5794605.5,647.0,40.31366956513375
346225,PAM_246305_10,GTATGCTTCTTCTGAAGATGAGG,PAM_246305,X,5669275,5669298,GAATTCTTCTTCTGATGATGAGG,GAATTCTTCTTCTGATGATG,GG,GTATGCTTCTTCTGAAGATG,0.4231404956667769,3,5669286.5,647.0,5794645.813669565,PAM_246305_7,GTATGCTTCTTCTGAAGATGAGG,X_RagTag,5791608,5791631,GGATGCTTCTTCTGAATATGAAG,GGATGCTTCTTCTGAATATG,AG,GTATGCTTCTTCTGAAGATG,0.01940978411428,3,5791619.5,647.0,3026.3136695651338
346226,PAM_246305_10,GTATGCTTCTTCTGAAGATGAGG,PAM_246305,X,5669275,5669298,GAATTCTTCTTCTGATGATGAGG,GAATTCTTCTTCTGATGATG,GG,GTATGCTTCTTCTGAAGATG,0.4231404956667769,3,5669286.5,647.0,5794645.813669565,PAM_246305_8,GTATGCTTCTTCTGAAGATGAGG,X_RagTag,5794552,5794575,GTATACTTCTTCTAAATATGAGG,GTATACTTCTTCTAAATATG,GG,GTATGCTTCTTCTGAAGATG,0.0395294118522352,3,5794563.5,647.0,82.31366956513375
346227,PAM_246305_10,GTATGCTTCTTCTGAAGATGAGG,PAM_246305,X,5669275,5669298,GAATTCTTCTTCTGATGATGAGG,GAATTCTTCTTCTGATGATG,GG,GTATGCTTCTTCTGAAGATG,0.4231404956667769,3,5669286.5,647.0,5794645.813669565,PAM_246305_9,GTATGCTTCTTCTGAAGATGAGG,X_RagTag,5791545,5791568,GAATACTTCTTCTAAAGATGAGG,GAATACTTCTTCTAAAGATG,GG,GTATGCTTCTTCTGAAGATG,0.2443636364465454,3,5791556.5,647.0,3089.3136695651338
346228,PAM_246305_10,GTATGCTTCTTCTGAAGATGAGG,PAM_246305,X,5669275,5669298,GAATTCTTCTTCTGATGATGAGG,GAATTCTTCTTCTGATGATG,GG,GTATGCTTCTTCTGAAGATG,0.4231404956667769,3,5669286.5,647.0,5794645.813669565,PAM_246305_10,GTATGCTTCTTCTGAAGATGAGG,X_RagTag,5794654,5794677,GAATTCTTCTTCTGATGATGAGG,GAATTCTTCTTCTGATGATG,GG,GTATGCTTCTTCTGAAGATG,0.4231404956667769,3,5794665.5,647.0,19.68633043486625
