,name,protospacer,protospacerID,ref_chr,ref_start,ref_end,genome_target,wt,pam,sg,CFD,mismatches,midpoint,syntenic_block,n_hits,yhat
2293,PAM_1530_2,TTATATATTATACGTTTTGAAGG,PAM_1530,2L,6707017,6707040,TTATATATAATACGTTTTGTAGG,TTATATATAATACGTTTTGT,GG,TTATATATTATACGTTTTGA,0.3374999999999999,2,6707028.5,309,2,6921340.665697215
2294,PAM_1530_2,TTATATATTATACGTTTTGAAGG,PAM_1530,2L,6707017,6707040,TTATATATAATACGTTTTGTAGG,TTATATATAATACGTTTTGT,GG,TTATATATTATACGTTTTGA,0.3374999999999999,2,6707028.5,308,2,6953129.500011518
2298,PAM_1531_2,TATATATTATACGTTTTGAAGGG,PAM_1531,2L,6707016,6707039,TATATATAATACGTTTTGTAGGC,TATATATAATACGTTTTGTA,GC,TATATATTATACGTTTTGAA,0.0027210884136054,3,6707027.5,309,2,6921339.670436845
2299,PAM_1531_2,TATATATTATACGTTTTGAAGGG,PAM_1531,2L,6707016,6707039,TATATATAATACGTTTTGTAGGC,TATATATAATACGTTTTGTA,GC,TATATATTATACGTTTTGAA,0.0027210884136054,3,6707027.5,308,2,6953128.500011518
11702,PAM_8060_2,AATGTTTGCCGTTTTTACTGTGG,PAM_8060,2L,6572125,6572148,AATGTGAGCTGTTTTTACTGTGG,AATGTGAGCTGTTTTTACTG,GG,AATGTTTGCCGTTTTTACTG,0.155555555536111,3,6572136.5,306,2,6824967.56714498
11703,PAM_8060_2,AATGTTTGCCGTTTTTACTGTGG,PAM_8060,2L,6572125,6572148,AATGTGAGCTGTTTTTACTGTGG,AATGTGAGCTGTTTTTACTG,GG,AATGTTTGCCGTTTTTACTG,0.155555555536111,3,6572136.5,305,2,6826670.121497193
14947,PAM_10520_3,ATGATAAAAAGCACGAAGAAAGG,PAM_10520,2L,4342971,4342994,ATGATAAAATGCACGGAGAAATG,ATGATAAAATGCACGGAGAA,TG,ATGATAAAAAGCACGAAGAA,0.0333951762801484,3,4342982.5,174,2,4456095.112719979
14948,PAM_10520_3,ATGATAAAAAGCACGAAGAAAGG,PAM_10520,2L,4342971,4342994,ATGATAAAATGCACGGAGAAATG,ATGATAAAATGCACGGAGAA,TG,ATGATAAAAAGCACGAAGAA,0.0333951762801484,3,4342982.5,175,2,4534626.6871790495
89568,PAM_64414_4,CGTATGTATATATGTACAATCGG,PAM_64414,2L,18913624,18913647,TATATATATATATGTACAATCGG,TATATATATATATGTACAAT,GG,CGTATGTATATATGTACAAT,0.489795918089796,3,18913635.5,992,2,32065899.806626916
